2048,25483,351,tranfer,2018-05-07 11:46:47,
2049,25483,352,tranfer,2018-05-07 11:46:47,
2050,25484,353,tranfer,2018-05-07 11:46:47,
2051,25485,354,tranfer,2018-05-07 11:46:47,
2052,25486,355,tranfer,2018-05-07 11:46:47,
2053,25487,356,tranfer,2018-05-07 11:46:47,
2054,25488,357,tranfer,2018-05-07 11:46:47,
2055,25489,353,tranfer,2018-05-07 11:46:47,
2056,25490,358,tranfer,2018-05-07 11:46:47,
2057,25491,359,tranfer,2018-05-07 11:46:47,
2058,25492,360,tranfer,2018-05-07 11:46:47,
2059,25493,361,tranfer,2018-05-07 11:46:47,
2060,25494,361,tranfer,2018-05-07 11:46:47,
2061,25495,362,tranfer,2018-05-07 11:46:47,
2062,25496,357,tranfer,2018-05-07 11:46:47,
2063,25497,363,tranfer,2018-05-07 11:46:47,
2064,25498,358,tranfer,2018-05-07 11:46:47,
2065,25499,357,tranfer,2018-05-07 11:46:47,
2066,25500,364,tranfer,2018-05-07 11:46:47,
2067,25501,365,tranfer,2018-05-07 11:46:47,
2068,25502,366,tranfer,2018-05-07 11:46:47,
2069,25502,367,tranfer,2018-05-07 11:46:47,
2070,25503,368,tranfer,2018-05-07 11:46:47,
2071,25504,369,tranfer,2018-05-07 11:46:47,
2072,25505,370,tranfer,2018-05-07 11:46:47,
2073,25505,371,tranfer,2018-05-07 11:46:47,
2074,25506,372,tranfer,2018-05-07 11:46:47,
2075,25506,373,tranfer,2018-05-07 11:46:47,
2076,25507,372,tranfer,2018-05-07 11:46:47,
2077,25508,374,tranfer,2018-05-07 11:46:47,
2078,25508,375,tranfer,2018-05-07 11:46:47,
2079,25509,369,tranfer,2018-05-07 11:46:47,
2080,25509,373,tranfer,2018-05-07 11:46:47,
2081,25510,368,tranfer,2018-05-07 11:46:47,
2082,25510,376,tranfer,2018-05-07 11:46:47,
2083,25511,377,tranfer,2018-05-07 11:46:47,
2084,25511,372,tranfer,2018-05-07 11:46:47,
2085,25511,373,tranfer,2018-05-07 11:46:47,
2086,25512,378,tranfer,2018-05-07 11:46:47,
2087,25512,379,tranfer,2018-05-07 11:46:47,
2088,25512,373,tranfer,2018-05-07 11:46:47,
2089,25513,378,tranfer,2018-05-07 11:46:47,
2090,25514,378,tranfer,2018-05-07 11:46:47,
2091,25513,369,tranfer,2018-05-07 11:46:47,
2092,25514,369,tranfer,2018-05-07 11:46:47,
2093,25513,379,tranfer,2018-05-07 11:46:47,
2094,25514,379,tranfer,2018-05-07 11:46:47,
2095,25513,378,tranfer,2018-05-07 11:46:47,
2096,25514,378,tranfer,2018-05-07 11:46:47,
2097,25513,369,tranfer,2018-05-07 11:46:47,
2098,25514,369,tranfer,2018-05-07 11:46:47,
2099,25513,379,tranfer,2018-05-07 11:46:47,
2100,25514,379,tranfer,2018-05-07 11:46:47,
2101,25515,377,tranfer,2018-05-07 11:46:47,
2102,25516,380,tranfer,2018-05-07 11:46:47,
2103,25517,377,tranfer,2018-05-07 11:46:47,
2104,25518,377,tranfer,2018-05-07 11:46:47,
2105,25518,381,tranfer,2018-05-07 11:46:47,
2106,25518,382,tranfer,2018-05-07 11:46:47,
2107,25519,383,tranfer,2018-05-07 11:46:47,
2108,25520,377,tranfer,2018-05-07 11:46:47,
2109,25520,383,tranfer,2018-05-07 11:46:47,
2110,25520,382,tranfer,2018-05-07 11:46:47,
2111,25521,384,tranfer,2018-05-07 11:46:47,
2112,25521,368,tranfer,2018-05-07 11:46:47,
2113,25522,385,tranfer,2018-05-07 11:46:47,
2114,25522,386,tranfer,2018-05-07 11:46:47,
2115,25523,387,tranfer,2018-05-07 11:46:47,
2116,25524,378,tranfer,2018-05-07 11:46:47,
2117,25524,369,tranfer,2018-05-07 11:46:47,
2118,25525,378,tranfer,2018-05-07 11:46:47,
2119,25525,371,tranfer,2018-05-07 11:46:47,
2120,25526,388,tranfer,2018-05-07 11:46:47,
2121,25526,389,tranfer,2018-05-07 11:46:47,
2122,25527,368,tranfer,2018-05-07 11:46:47,
2123,25528,370,tranfer,2018-05-07 11:46:47,
2124,25529,384,tranfer,2018-05-07 11:46:47,
2125,25529,390,tranfer,2018-05-07 11:46:47,
2126,25529,376,tranfer,2018-05-07 11:46:47,
2127,25530,391,tranfer,2018-05-07 11:46:47,
2128,25530,367,tranfer,2018-05-07 11:46:47,
2129,25531,370,tranfer,2018-05-07 11:46:47,
2130,25532,370,tranfer,2018-05-07 11:46:47,
2131,25531,367,tranfer,2018-05-07 11:46:47,
2132,25532,367,tranfer,2018-05-07 11:46:47,
2133,25531,392,tranfer,2018-05-07 11:46:47,
2134,25532,392,tranfer,2018-05-07 11:46:47,
2135,25531,370,tranfer,2018-05-07 11:46:47,
2136,25532,370,tranfer,2018-05-07 11:46:47,
2137,25531,367,tranfer,2018-05-07 11:46:47,
2138,25532,367,tranfer,2018-05-07 11:46:47,
2139,25531,392,tranfer,2018-05-07 11:46:47,
2140,25532,392,tranfer,2018-05-07 11:46:47,
2141,25533,393,tranfer,2018-05-07 11:46:47,
2142,25533,379,tranfer,2018-05-07 11:46:47,
2143,25534,370,tranfer,2018-05-07 11:46:47,
2144,25535,388,tranfer,2018-05-07 11:46:47,
2145,25535,389,tranfer,2018-05-07 11:46:47,
2146,25536,369,tranfer,2018-05-07 11:46:47,
2147,25536,373,tranfer,2018-05-07 11:46:47,
2148,25537,386,tranfer,2018-05-07 11:46:47,
2149,25538,387,tranfer,2018-05-07 11:46:47,
2150,25538,386,tranfer,2018-05-07 11:46:47,
2151,25539,367,tranfer,2018-05-07 11:46:47,
2152,25539,368,tranfer,2018-05-07 11:46:47,
2153,25540,368,tranfer,2018-05-07 11:46:47,
2154,25540,394,tranfer,2018-05-07 11:46:47,
2155,25541,377,tranfer,2018-05-07 11:46:47,
2156,25541,391,tranfer,2018-05-07 11:46:47,
2157,25541,372,tranfer,2018-05-07 11:46:47,
2158,25542,394,tranfer,2018-05-07 11:46:47,
2159,25543,395,tranfer,2018-05-07 11:46:47,
2160,25543,367,tranfer,2018-05-07 11:46:47,
2161,25544,394,tranfer,2018-05-07 11:46:47,
2162,25544,390,tranfer,2018-05-07 11:46:47,
2163,25545,368,tranfer,2018-05-07 11:46:47,
2164,25546,387,tranfer,2018-05-07 11:46:47,
2165,25546,394,tranfer,2018-05-07 11:46:47,
2166,25547,387,tranfer,2018-05-07 11:46:47,
2167,25548,369,tranfer,2018-05-07 11:46:47,
2168,25548,372,tranfer,2018-05-07 11:46:47,
2169,25549,396,tranfer,2018-05-07 11:46:47,
2170,25549,397,tranfer,2018-05-07 11:46:47,
2171,25549,398,tranfer,2018-05-07 11:46:47,
2172,25550,399,tranfer,2018-05-07 11:46:47,
2173,25550,400,tranfer,2018-05-07 11:46:47,
2174,25550,401,tranfer,2018-05-07 11:46:47,
2175,25551,402,tranfer,2018-05-07 11:46:47,
2176,25552,403,tranfer,2018-05-07 11:46:47,
2177,25553,404,tranfer,2018-05-07 11:46:47,
2178,25554,405,tranfer,2018-05-07 11:46:47,
2179,25555,406,tranfer,2018-05-07 11:46:47,
2180,25555,407,tranfer,2018-05-07 11:46:47,
2181,25556,408,tranfer,2018-05-07 11:46:47,
2182,25556,409,tranfer,2018-05-07 11:46:47,
2183,25556,410,tranfer,2018-05-07 11:46:47,
2184,25556,411,tranfer,2018-05-07 11:46:47,
2185,25557,412,tranfer,2018-05-07 11:46:47,
2186,25557,352,tranfer,2018-05-07 11:46:47,
2187,25558,413,tranfer,2018-05-07 11:46:47,
2188,25559,414,tranfer,2018-05-07 11:46:47,
2189,25560,415,tranfer,2018-05-07 11:46:47,
2190,25561,416,tranfer,2018-05-07 11:46:47,
2191,25562,399,tranfer,2018-05-07 11:46:47,
2192,25562,417,tranfer,2018-05-07 11:46:47,
2193,25563,413,tranfer,2018-05-07 11:46:47,
2194,25563,417,tranfer,2018-05-07 11:46:47,
2195,25564,406,tranfer,2018-05-07 11:46:47,
2196,25564,418,tranfer,2018-05-07 11:46:47,
2197,25565,408,tranfer,2018-05-07 11:46:47,
2198,25565,409,tranfer,2018-05-07 11:46:47,
2199,25565,410,tranfer,2018-05-07 11:46:47,
2200,25565,411,tranfer,2018-05-07 11:46:47,
2201,25566,412,tranfer,2018-05-07 11:46:47,
2202,25566,352,tranfer,2018-05-07 11:46:47,
2203,25567,419,tranfer,2018-05-07 11:46:47,
2204,25568,413,tranfer,2018-05-07 11:46:47,
2205,25569,420,tranfer,2018-05-07 11:46:47,
2206,25570,421,tranfer,2018-05-07 11:46:47,
2207,25571,422,tranfer,2018-05-07 11:46:47,
2208,25572,423,tranfer,2018-05-07 11:46:47,
2209,25573,424,tranfer,2018-05-07 11:46:47,
2210,25574,425,tranfer,2018-05-07 11:46:47,
2211,25575,426,tranfer,2018-05-07 11:46:47,
2212,25576,427,tranfer,2018-05-07 11:46:47,
2213,25577,428,tranfer,2018-05-07 11:46:47,
2214,25578,429,tranfer,2018-05-07 11:46:47,
2215,25579,430,tranfer,2018-05-07 11:46:47,
2216,25580,431,tranfer,2018-05-07 11:46:47,
2217,25581,432,tranfer,2018-05-07 11:46:47,
2218,25582,433,tranfer,2018-05-07 11:46:47,
2219,25583,434,tranfer,2018-05-07 11:46:47,
2220,25584,435,tranfer,2018-05-07 11:46:47,
2221,25585,436,tranfer,2018-05-07 11:46:47,
2222,25586,437,tranfer,2018-05-07 11:46:47,
2223,25587,438,tranfer,2018-05-07 11:46:47,
2224,25588,436,tranfer,2018-05-07 11:46:47,
2225,25589,439,tranfer,2018-05-07 11:46:47,
2226,25590,440,tranfer,2018-05-07 11:46:47,
2227,25591,441,tranfer,2018-05-07 11:46:47,
2228,25591,442,tranfer,2018-05-07 11:46:47,
2229,25592,439,tranfer,2018-05-07 11:46:47,
2230,25593,443,tranfer,2018-05-07 11:46:47,
2231,25594,444,tranfer,2018-05-07 11:46:47,
2232,25595,445,tranfer,2018-05-07 11:46:47,
2233,25595,439,tranfer,2018-05-07 11:46:47,
2234,25596,430,tranfer,2018-05-07 11:46:47,
2235,25597,446,tranfer,2018-05-07 11:46:47,
2236,25598,447,tranfer,2018-05-07 11:46:47,
2237,25599,431,tranfer,2018-05-07 11:46:47,
2238,25600,433,tranfer,2018-05-07 11:46:47,
2239,25600,438,tranfer,2018-05-07 11:46:47,
2240,25601,448,tranfer,2018-05-07 11:46:47,
2241,25602,432,tranfer,2018-05-07 11:46:47,
2242,25603,364,tranfer,2018-05-07 11:46:47,
2243,25604,441,tranfer,2018-05-07 11:46:47,
2244,25605,449,tranfer,2018-05-07 11:46:47,
2245,25606,364,tranfer,2018-05-07 11:46:47,
2246,25607,430,tranfer,2018-05-07 11:46:47,
2247,25608,450,tranfer,2018-05-07 11:46:47,
2248,25608,451,tranfer,2018-05-07 11:46:47,
2249,25609,452,tranfer,2018-05-07 11:46:47,
2250,25610,453,tranfer,2018-05-07 11:46:47,
2251,25611,454,tranfer,2018-05-07 11:46:47,
2252,25612,455,tranfer,2018-05-07 11:46:47,
2253,25612,456,tranfer,2018-05-07 11:46:47,
2254,25613,450,tranfer,2018-05-07 11:46:47,
2255,25613,451,tranfer,2018-05-07 11:46:47,
2256,25614,457,tranfer,2018-05-07 11:46:47,
2257,25615,452,tranfer,2018-05-07 11:46:47,
2258,25616,458,tranfer,2018-05-07 11:46:47,
2259,25617,454,tranfer,2018-05-07 11:46:47,
2260,25618,459,tranfer,2018-05-07 11:46:47,
2261,25618,460,tranfer,2018-05-07 11:46:47,
2262,25619,461,tranfer,2018-05-07 11:46:47,
2263,25619,462,tranfer,2018-05-07 11:46:47,
2264,25620,458,tranfer,2018-05-07 11:46:47,
2265,25621,463,tranfer,2018-05-07 11:46:47,
2266,25622,464,tranfer,2018-05-07 11:46:47,
2267,25623,465,tranfer,2018-05-07 11:46:47,
2268,25624,466,tranfer,2018-05-07 11:46:47,
2269,25625,467,tranfer,2018-05-07 11:46:47,
2270,25626,464,tranfer,2018-05-07 11:46:47,
2271,25627,468,tranfer,2018-05-07 11:46:47,
2272,25628,469,tranfer,2018-05-07 11:46:47,
2273,25629,470,tranfer,2018-05-07 11:46:47,
2274,25630,471,tranfer,2018-05-07 11:46:47,
2275,25631,472,tranfer,2018-05-07 11:46:47,
2276,25631,473,tranfer,2018-05-07 11:46:47,
2277,25631,474,tranfer,2018-05-07 11:46:47,
2278,25632,475,tranfer,2018-05-07 11:46:47,
2279,25632,476,tranfer,2018-05-07 11:46:47,
2280,25633,477,tranfer,2018-05-07 11:46:47,
2281,25633,478,tranfer,2018-05-07 11:46:47,
2282,25633,474,tranfer,2018-05-07 11:46:47,
2283,25634,479,tranfer,2018-05-07 11:46:47,
2284,25635,480,tranfer,2018-05-07 11:46:47,
2285,25635,481,tranfer,2018-05-07 11:46:47,
2286,25636,473,tranfer,2018-05-07 11:46:47,
2287,25636,482,tranfer,2018-05-07 11:46:47,
2288,25637,478,tranfer,2018-05-07 11:46:47,
2289,25637,483,tranfer,2018-05-07 11:46:47,
2290,25638,472,tranfer,2018-05-07 11:46:47,
2291,25639,475,tranfer,2018-05-07 11:46:47,
2292,25639,484,tranfer,2018-05-07 11:46:47,
2293,25640,485,tranfer,2018-05-07 11:46:47,
2294,25640,478,tranfer,2018-05-07 11:46:47,
2295,25640,486,tranfer,2018-05-07 11:46:47,
2296,25640,474,tranfer,2018-05-07 11:46:47,
2297,25641,473,tranfer,2018-05-07 11:46:47,
2298,25642,476,tranfer,2018-05-07 11:46:47,
2299,25643,480,tranfer,2018-05-07 11:46:47,
2300,25644,480,tranfer,2018-05-07 11:46:47,
2301,25644,487,tranfer,2018-05-07 11:46:47,
2302,25645,354,tranfer,2018-05-07 11:46:47,
2303,25646,488,tranfer,2018-05-07 11:46:47,
2304,25647,360,tranfer,2018-05-07 11:46:47,
2305,25648,359,tranfer,2018-05-07 11:46:47,
2306,25649,353,tranfer,2018-05-07 11:46:47,
2307,25650,357,tranfer,2018-05-07 11:46:47,
2308,25651,356,tranfer,2018-05-07 11:46:47,
2309,25652,353,tranfer,2018-05-07 11:46:47,
2310,25653,356,tranfer,2018-05-07 11:46:47,
2311,25654,357,tranfer,2018-05-07 11:46:47,
2312,25655,489,tranfer,2018-05-07 11:46:47,
2313,25656,489,tranfer,2018-05-07 11:46:47,
2314,25657,371,tranfer,2018-05-07 11:46:47,
2315,25658,355,tranfer,2018-05-07 11:46:47,
2316,25659,358,tranfer,2018-05-07 11:46:47,
2317,25660,362,tranfer,2018-05-07 11:46:47,
2318,25661,490,tranfer,2018-05-07 11:46:47,
2319,25662,355,tranfer,2018-05-07 11:46:47,
2320,25663,361,tranfer,2018-05-07 11:46:47,
2321,25664,491,tranfer,2018-05-07 11:46:47,
2322,25665,492,tranfer,2018-05-07 11:46:47,
2323,25666,493,tranfer,2018-05-07 11:46:47,
2324,25667,353,tranfer,2018-05-07 11:46:47,
2325,25668,494,tranfer,2018-05-07 11:46:47,
2326,25669,493,tranfer,2018-05-07 11:46:47,
2327,25670,494,tranfer,2018-05-07 11:46:47,
2328,25671,492,tranfer,2018-05-07 11:46:47,
2329,25672,359,tranfer,2018-05-07 11:46:47,
2330,25673,495,tranfer,2018-05-07 11:46:47,
2331,25674,495,tranfer,2018-05-07 11:46:47,
2332,25675,361,tranfer,2018-05-07 11:46:47,
2333,25676,496,tranfer,2018-05-07 11:46:47,
2334,25677,495,tranfer,2018-05-07 11:46:47,
2335,25678,497,tranfer,2018-05-07 11:46:47,
2336,25679,492,tranfer,2018-05-07 11:46:47,
2337,25680,359,tranfer,2018-05-07 11:46:47,
2338,25681,360,tranfer,2018-05-07 11:46:47,
2339,25682,498,tranfer,2018-05-07 11:46:47,
2340,25683,498,tranfer,2018-05-07 11:46:47,
2341,25684,356,tranfer,2018-05-07 11:46:47,
2342,25685,495,tranfer,2018-05-07 11:46:47,
2343,25686,360,tranfer,2018-05-07 11:46:47,
2344,25687,488,tranfer,2018-05-07 11:46:47,
2345,25688,488,tranfer,2018-05-07 11:46:47,
2346,25689,489,tranfer,2018-05-07 11:46:47,
2347,25690,489,tranfer,2018-05-07 11:46:47,
2348,25691,499,tranfer,2018-05-07 11:46:47,
2349,25692,499,tranfer,2018-05-07 11:46:47,
2350,25693,499,tranfer,2018-05-07 11:46:47,
2351,25694,493,tranfer,2018-05-07 11:46:47,
2352,25695,500,tranfer,2018-05-07 11:46:47,
2353,25696,500,tranfer,2018-05-07 11:46:47,
2354,25697,500,tranfer,2018-05-07 11:46:47,
2355,25698,493,tranfer,2018-05-07 11:46:47,
2356,25699,355,tranfer,2018-05-07 11:46:47,
2357,25700,501,tranfer,2018-05-07 11:46:47,
2358,25701,492,tranfer,2018-05-07 11:46:47,
2359,25702,363,tranfer,2018-05-07 11:46:47,
2360,25703,363,tranfer,2018-05-07 11:46:47,
2361,25704,501,tranfer,2018-05-07 11:46:47,
2362,25705,502,tranfer,2018-05-07 11:46:47,
2363,25706,501,tranfer,2018-05-07 11:46:47,
2364,25707,361,tranfer,2018-05-07 11:46:47,
2365,25708,493,tranfer,2018-05-07 11:46:47,
2366,25709,357,tranfer,2018-05-07 11:46:47,
2367,25710,500,tranfer,2018-05-07 11:46:47,
2368,25711,363,tranfer,2018-05-07 11:46:47,
2369,25712,358,tranfer,2018-05-07 11:46:47,
2370,25713,493,tranfer,2018-05-07 11:46:47,
2371,25714,498,tranfer,2018-05-07 11:46:47,
2372,25715,503,tranfer,2018-05-07 11:46:47,
2373,25716,504,tranfer,2018-05-07 11:46:47,
2374,25717,505,tranfer,2018-05-07 11:46:47,
2375,25718,498,tranfer,2018-05-07 11:46:47,
2376,25719,351,tranfer,2018-05-07 11:46:47,
2377,25720,496,tranfer,2018-05-07 11:46:47,
2378,25721,383,tranfer,2018-05-07 11:46:47,
2379,25721,377,tranfer,2018-05-07 11:46:47,
2380,25722,369,tranfer,2018-05-07 11:46:47,
2381,25723,372,tranfer,2018-05-07 11:46:47,
2382,25723,377,tranfer,2018-05-07 11:46:47,
2383,25724,393,tranfer,2018-05-07 11:46:47,
2384,25725,506,tranfer,2018-05-07 11:46:47,
2385,25725,389,tranfer,2018-05-07 11:46:47,
2386,25726,394,tranfer,2018-05-07 11:46:47,
2387,25727,506,tranfer,2018-05-07 11:46:47,
2388,25727,383,tranfer,2018-05-07 11:46:47,
2389,25727,377,tranfer,2018-05-07 11:46:47,
2390,25728,393,tranfer,2018-05-07 11:46:47,
2391,25728,372,tranfer,2018-05-07 11:46:47,
2392,25728,379,tranfer,2018-05-07 11:46:47,
2393,25729,507,tranfer,2018-05-07 11:46:47,
2394,25730,391,tranfer,2018-05-07 11:46:47,
2395,25731,388,tranfer,2018-05-07 11:46:47,
2396,25731,389,tranfer,2018-05-07 11:46:47,
2397,25732,371,tranfer,2018-05-07 11:46:47,
2398,25732,383,tranfer,2018-05-07 11:46:47,
2399,25732,378,tranfer,2018-05-07 11:46:47,
2400,25733,375,tranfer,2018-05-07 11:46:47,
2401,25733,374,tranfer,2018-05-07 11:46:47,
2402,25734,386,tranfer,2018-05-07 11:46:47,
2403,25734,385,tranfer,2018-05-07 11:46:47,
2404,25735,394,tranfer,2018-05-07 11:46:47,
2405,25735,368,tranfer,2018-05-07 11:46:47,
2406,25736,384,tranfer,2018-05-07 11:46:47,
2407,25737,375,tranfer,2018-05-07 11:46:47,
2408,25737,391,tranfer,2018-05-07 11:46:47,
2409,25738,508,tranfer,2018-05-07 11:46:47,
2410,25739,369,tranfer,2018-05-07 11:46:47,
2411,25739,372,tranfer,2018-05-07 11:46:47,
2412,25740,388,tranfer,2018-05-07 11:46:47,
2413,25740,389,tranfer,2018-05-07 11:46:47,
2414,25741,368,tranfer,2018-05-07 11:46:47,
2415,25742,376,tranfer,2018-05-07 11:46:47,
2416,25742,367,tranfer,2018-05-07 11:46:47,
2417,25743,369,tranfer,2018-05-07 11:46:47,
2418,25743,372,tranfer,2018-05-07 11:46:47,
2419,25744,367,tranfer,2018-05-07 11:46:47,
2420,25744,395,tranfer,2018-05-07 11:46:47,
2421,25745,387,tranfer,2018-05-07 11:46:47,
2422,25746,368,tranfer,2018-05-07 11:46:47,
2423,25747,372,tranfer,2018-05-07 11:46:47,
2424,25748,386,tranfer,2018-05-07 11:46:47,
2425,25748,385,tranfer,2018-05-07 11:46:47,
2426,25749,370,tranfer,2018-05-07 11:46:47,
2427,25750,374,tranfer,2018-05-07 11:46:47,
2428,25750,367,tranfer,2018-05-07 11:46:47,
2429,25751,371,tranfer,2018-05-07 11:46:47,
2430,25751,369,tranfer,2018-05-07 11:46:47,
2431,25751,367,tranfer,2018-05-07 11:46:47,
2432,25752,366,tranfer,2018-05-07 11:46:47,
2433,25752,394,tranfer,2018-05-07 11:46:47,
2434,25753,372,tranfer,2018-05-07 11:46:47,
2435,25754,509,tranfer,2018-05-07 11:46:47,
2436,25754,367,tranfer,2018-05-07 11:46:47,
2437,25755,391,tranfer,2018-05-07 11:46:47,
2438,25756,506,tranfer,2018-05-07 11:46:47,
2439,25756,383,tranfer,2018-05-07 11:46:47,
2440,25757,507,tranfer,2018-05-07 11:46:47,
2441,25758,390,tranfer,2018-05-07 11:46:47,
2442,25759,508,tranfer,2018-05-07 11:46:47,
2443,25760,366,tranfer,2018-05-07 11:46:47,
2444,25760,395,tranfer,2018-05-07 11:46:47,
2445,25761,375,tranfer,2018-05-07 11:46:47,
2446,25762,384,tranfer,2018-05-07 11:46:47,
2447,25762,390,tranfer,2018-05-07 11:46:47,
2448,25763,391,tranfer,2018-05-07 11:46:47,
2449,25764,390,tranfer,2018-05-07 11:46:47,
2450,25765,509,tranfer,2018-05-07 11:46:47,
2451,25766,375,tranfer,2018-05-07 11:46:47,
2452,25766,374,tranfer,2018-05-07 11:46:47,
2453,25767,510,tranfer,2018-05-07 11:46:47,
2454,25768,387,tranfer,2018-05-07 11:46:47,
2455,25769,393,tranfer,2018-05-07 11:46:47,
2456,25769,379,tranfer,2018-05-07 11:46:47,
2457,25769,378,tranfer,2018-05-07 11:46:47,
2458,25770,371,tranfer,2018-05-07 11:46:47,
2459,25770,383,tranfer,2018-05-07 11:46:47,
2460,25771,387,tranfer,2018-05-07 11:46:47,
2461,25772,386,tranfer,2018-05-07 11:46:47,
2462,25772,385,tranfer,2018-05-07 11:46:47,
2463,25773,368,tranfer,2018-05-07 11:46:47,
2464,25774,385,tranfer,2018-05-07 11:46:47,
2465,25775,511,tranfer,2018-05-07 11:46:47,
2466,25776,511,tranfer,2018-05-07 11:46:47,
2467,25777,394,tranfer,2018-05-07 11:46:47,
2468,25777,377,tranfer,2018-05-07 11:46:47,
2469,25778,508,tranfer,2018-05-07 11:46:47,
2470,25779,388,tranfer,2018-05-07 11:46:47,
2471,25779,389,tranfer,2018-05-07 11:46:47,
2472,25780,511,tranfer,2018-05-07 11:46:47,
2473,25781,386,tranfer,2018-05-07 11:46:47,
2474,25781,385,tranfer,2018-05-07 11:46:47,
2475,25782,369,tranfer,2018-05-07 11:46:47,
2476,25782,379,tranfer,2018-05-07 11:46:47,
2477,25783,368,tranfer,2018-05-07 11:46:47,
2478,25783,389,tranfer,2018-05-07 11:46:47,
2479,25784,369,tranfer,2018-05-07 11:46:47,
2480,25784,378,tranfer,2018-05-07 11:46:47,
2481,25785,369,tranfer,2018-05-07 11:46:47,
2482,25785,372,tranfer,2018-05-07 11:46:47,
2483,25786,372,tranfer,2018-05-07 11:46:47,
2484,25787,371,tranfer,2018-05-07 11:46:47,
2485,25788,378,tranfer,2018-05-07 11:46:47,
2486,25789,386,tranfer,2018-05-07 11:46:47,
2487,25790,384,tranfer,2018-05-07 11:46:47,
2488,25790,390,tranfer,2018-05-07 11:46:47,
2489,25791,387,tranfer,2018-05-07 11:46:47,
2490,25792,369,tranfer,2018-05-07 11:46:47,
2491,25793,512,tranfer,2018-05-07 11:46:47,
2492,25793,513,tranfer,2018-05-07 11:46:47,
2493,25794,514,tranfer,2018-05-07 11:46:47,
2494,25795,515,tranfer,2018-05-07 11:46:47,
2495,25795,516,tranfer,2018-05-07 11:46:47,
2496,25796,379,tranfer,2018-05-07 11:46:47,
2497,25797,376,tranfer,2018-05-07 11:46:47,
2498,25797,510,tranfer,2018-05-07 11:46:47,
2499,25798,508,tranfer,2018-05-07 11:46:47,
2500,25799,508,tranfer,2018-05-07 11:46:47,
2501,25800,368,tranfer,2018-05-07 11:46:47,
2502,25801,374,tranfer,2018-05-07 11:46:47,
2503,25802,376,tranfer,2018-05-07 11:46:47,
2504,25802,366,tranfer,2018-05-07 11:46:47,
2505,25803,400,tranfer,2018-05-07 11:46:47,
2506,25804,415,tranfer,2018-05-07 11:46:47,
2507,25805,406,tranfer,2018-05-07 11:46:47,
2508,25805,411,tranfer,2018-05-07 11:46:47,
2509,25806,400,tranfer,2018-05-07 11:46:47,
2510,25807,412,tranfer,2018-05-07 11:46:47,
2511,25808,427,tranfer,2018-05-07 11:46:47,
2512,25809,427,tranfer,2018-05-07 11:46:47,
2513,25810,405,tranfer,2018-05-07 11:46:47,
2514,25811,422,tranfer,2018-05-07 11:46:47,
2515,25812,406,tranfer,2018-05-07 11:46:47,
2516,25813,405,tranfer,2018-05-07 11:46:47,
2517,25814,422,tranfer,2018-05-07 11:46:47,
2518,25815,406,tranfer,2018-05-07 11:46:47,
2519,25816,517,tranfer,2018-05-07 11:46:47,
2520,25817,396,tranfer,2018-05-07 11:46:47,
2521,25818,403,tranfer,2018-05-07 11:46:47,
2522,25819,401,tranfer,2018-05-07 11:46:47,
2523,25820,412,tranfer,2018-05-07 11:46:47,
2524,25821,401,tranfer,2018-05-07 11:46:47,
2525,25822,407,tranfer,2018-05-07 11:46:47,
2526,25823,422,tranfer,2018-05-07 11:46:47,
2527,25824,425,tranfer,2018-05-07 11:46:47,
2528,25825,407,tranfer,2018-05-07 11:46:47,
2529,25826,352,tranfer,2018-05-07 11:46:47,
2530,25827,396,tranfer,2018-05-07 11:46:47,
2531,25828,401,tranfer,2018-05-07 11:46:47,
2532,25829,413,tranfer,2018-05-07 11:46:47,
2533,25830,409,tranfer,2018-05-07 11:46:47,
2534,25830,411,tranfer,2018-05-07 11:46:47,
2535,25831,413,tranfer,2018-05-07 11:46:47,
2536,25832,409,tranfer,2018-05-07 11:46:47,
2537,25833,399,tranfer,2018-05-07 11:46:47,
2538,25834,414,tranfer,2018-05-07 11:46:47,
2539,25835,399,tranfer,2018-05-07 11:46:47,
2540,25836,399,tranfer,2018-05-07 11:46:47,
2541,25837,406,tranfer,2018-05-07 11:46:47,
2542,25838,396,tranfer,2018-05-07 11:46:47,
2543,25839,426,tranfer,2018-05-07 11:46:47,
2544,25840,518,tranfer,2018-05-07 11:46:47,
2545,25841,518,tranfer,2018-05-07 11:46:47,
2546,25841,409,tranfer,2018-05-07 11:46:47,
2547,25842,352,tranfer,2018-05-07 11:46:47,
2548,25843,412,tranfer,2018-05-07 11:46:47,
2549,25844,405,tranfer,2018-05-07 11:46:47,
2550,25845,405,tranfer,2018-05-07 11:46:47,
2551,25846,405,tranfer,2018-05-07 11:46:47,
2552,25847,416,tranfer,2018-05-07 11:46:47,
2553,25848,512,tranfer,2018-05-07 11:46:47,
2554,25848,513,tranfer,2018-05-07 11:46:47,
2555,25849,514,tranfer,2018-05-07 11:46:47,
2556,25850,405,tranfer,2018-05-07 11:46:47,
2557,25851,416,tranfer,2018-05-07 11:46:47,
2558,25852,512,tranfer,2018-05-07 11:46:47,
2559,25852,513,tranfer,2018-05-07 11:46:47,
2560,25853,514,tranfer,2018-05-07 11:46:47,
2561,25854,416,tranfer,2018-05-07 11:46:47,
2562,25855,515,tranfer,2018-05-07 11:46:47,
2563,25855,516,tranfer,2018-05-07 11:46:47,
2564,25856,406,tranfer,2018-05-07 11:46:47,
2565,25857,416,tranfer,2018-05-07 11:46:47,
2566,25858,515,tranfer,2018-05-07 11:46:47,
2567,25858,516,tranfer,2018-05-07 11:46:47,
2568,25859,519,tranfer,2018-05-07 11:46:47,
2569,25860,419,tranfer,2018-05-07 11:46:47,
2570,25861,426,tranfer,2018-05-07 11:46:47,
2571,25862,406,tranfer,2018-05-07 11:46:47,
2572,25863,419,tranfer,2018-05-07 11:46:47,
2573,25864,419,tranfer,2018-05-07 11:46:47,
2574,25865,422,tranfer,2018-05-07 11:46:47,
2575,25866,403,tranfer,2018-05-07 11:46:47,
2576,25867,519,tranfer,2018-05-07 11:46:47,
2577,25868,420,tranfer,2018-05-07 11:46:47,
2578,25869,429,tranfer,2018-05-07 11:46:47,
2579,25870,420,tranfer,2018-05-07 11:46:47,
2580,25871,429,tranfer,2018-05-07 11:46:47,
2581,25872,520,tranfer,2018-05-07 11:46:47,
2582,25873,420,tranfer,2018-05-07 11:46:47,
2583,25874,415,tranfer,2018-05-07 11:46:47,
2584,25875,415,tranfer,2018-05-07 11:46:47,
2585,25876,417,tranfer,2018-05-07 11:46:47,
2586,25877,417,tranfer,2018-05-07 11:46:47,
2587,25878,406,tranfer,2018-05-07 11:46:47,
2588,25879,415,tranfer,2018-05-07 11:46:47,
2589,25880,414,tranfer,2018-05-07 11:46:47,
2590,25881,422,tranfer,2018-05-07 11:46:47,
2591,25882,417,tranfer,2018-05-07 11:46:47,
2592,25883,425,tranfer,2018-05-07 11:46:47,
2593,25884,521,tranfer,2018-05-07 11:46:47,
2594,25885,521,tranfer,2018-05-07 11:46:47,
2595,25886,521,tranfer,2018-05-07 11:46:47,
2596,25887,413,tranfer,2018-05-07 11:46:47,
2597,25888,521,tranfer,2018-05-07 11:46:47,
2598,25889,352,tranfer,2018-05-07 11:46:47,
2599,25890,522,tranfer,2018-05-07 11:46:47,
2600,25890,523,tranfer,2018-05-07 11:46:47,
2601,25891,522,tranfer,2018-05-07 11:46:47,
2602,25891,523,tranfer,2018-05-07 11:46:47,
2603,25892,522,tranfer,2018-05-07 11:46:47,
2604,25892,523,tranfer,2018-05-07 11:46:47,
2605,25893,522,tranfer,2018-05-07 11:46:47,
2606,25893,523,tranfer,2018-05-07 11:46:47,
2607,25894,517,tranfer,2018-05-07 11:46:47,
2608,25895,424,tranfer,2018-05-07 11:46:47,
2609,25896,398,tranfer,2018-05-07 11:46:47,
2610,25897,398,tranfer,2018-05-07 11:46:47,
2611,25898,518,tranfer,2018-05-07 11:46:47,
2612,25899,398,tranfer,2018-05-07 11:46:47,
2613,25900,426,tranfer,2018-05-07 11:46:47,
2614,25901,414,tranfer,2018-05-07 11:46:47,
2615,25902,396,tranfer,2018-05-07 11:46:47,
2616,25903,521,tranfer,2018-05-07 11:46:47,
2617,25903,519,tranfer,2018-05-07 11:46:47,
2618,25904,406,tranfer,2018-05-07 11:46:47,
2619,25905,411,tranfer,2018-05-07 11:46:47,
2620,25906,411,tranfer,2018-05-07 11:46:47,
2621,25907,420,tranfer,2018-05-07 11:46:47,
2622,25908,522,tranfer,2018-05-07 11:46:47,
2623,25908,523,tranfer,2018-05-07 11:46:47,
2624,25909,406,tranfer,2018-05-07 11:46:47,
2625,25910,524,tranfer,2018-05-07 11:46:47,
2626,25911,426,tranfer,2018-05-07 11:46:47,
2627,25912,525,tranfer,2018-05-07 11:46:47,
2628,25913,412,tranfer,2018-05-07 11:46:47,
2629,25914,429,tranfer,2018-05-07 11:46:47,
2630,25915,518,tranfer,2018-05-07 11:46:47,
2631,25916,419,tranfer,2018-05-07 11:46:47,
2632,25917,519,tranfer,2018-05-07 11:46:47,
2633,25918,425,tranfer,2018-05-07 11:46:47,
2634,25919,518,tranfer,2018-05-07 11:46:47,
2635,25920,519,tranfer,2018-05-07 11:46:47,
2636,25921,519,tranfer,2018-05-07 11:46:47,
2637,25922,422,tranfer,2018-05-07 11:46:47,
2638,25923,397,tranfer,2018-05-07 11:46:47,
2639,25924,526,tranfer,2018-05-07 11:46:47,
2640,25925,409,tranfer,2018-05-07 11:46:47,
2641,25926,405,tranfer,2018-05-07 11:46:47,
2642,25927,409,tranfer,2018-05-07 11:46:47,
2643,25927,411,tranfer,2018-05-07 11:46:47,
2644,25928,518,tranfer,2018-05-07 11:46:47,
2645,25929,400,tranfer,2018-05-07 11:46:47,
2646,25930,400,tranfer,2018-05-07 11:46:47,
2647,25931,407,tranfer,2018-05-07 11:46:47,
2648,25932,429,tranfer,2018-05-07 11:46:47,
2649,25933,427,tranfer,2018-05-07 11:46:47,
2650,25934,424,tranfer,2018-05-07 11:46:47,
2651,25935,427,tranfer,2018-05-07 11:46:47,
2652,25936,424,tranfer,2018-05-07 11:46:47,
2653,25937,411,tranfer,2018-05-07 11:46:47,
2654,25938,407,tranfer,2018-05-07 11:46:47,
2655,25939,352,tranfer,2018-05-07 11:46:47,
2656,25940,407,tranfer,2018-05-07 11:46:47,
2657,25941,401,tranfer,2018-05-07 11:46:47,
2658,25942,406,tranfer,2018-05-07 11:46:47,
2659,25943,417,tranfer,2018-05-07 11:46:47,
2660,25944,520,tranfer,2018-05-07 11:46:47,
2661,25945,520,tranfer,2018-05-07 11:46:47,
2662,25946,517,tranfer,2018-05-07 11:46:47,
2663,25947,517,tranfer,2018-05-07 11:46:47,
2664,25948,520,tranfer,2018-05-07 11:46:47,
2665,25949,447,tranfer,2018-05-07 11:46:47,
2666,25950,439,tranfer,2018-05-07 11:46:47,
2667,25951,441,tranfer,2018-05-07 11:46:47,
2668,25952,527,tranfer,2018-05-07 11:46:47,
2669,25953,434,tranfer,2018-05-07 11:46:47,
2670,25954,437,tranfer,2018-05-07 11:46:47,
2671,25955,528,tranfer,2018-05-07 11:46:47,
2672,25956,431,tranfer,2018-05-07 11:46:47,
2673,25957,431,tranfer,2018-05-07 11:46:47,
2674,25958,529,tranfer,2018-05-07 11:46:47,
2675,25959,530,tranfer,2018-05-07 11:46:47,
2676,25960,531,tranfer,2018-05-07 11:46:47,
2677,25961,532,tranfer,2018-05-07 11:46:47,
2678,25961,431,tranfer,2018-05-07 11:46:47,
2679,25962,530,tranfer,2018-05-07 11:46:47,
2680,25963,448,tranfer,2018-05-07 11:46:47,
2681,25964,529,tranfer,2018-05-07 11:46:47,
2682,25965,364,tranfer,2018-05-07 11:46:47,
2683,25966,440,tranfer,2018-05-07 11:46:47,
2684,25967,443,tranfer,2018-05-07 11:46:47,
2685,25968,364,tranfer,2018-05-07 11:46:47,
2686,25969,447,tranfer,2018-05-07 11:46:47,
2687,25970,436,tranfer,2018-05-07 11:46:47,
2688,25971,431,tranfer,2018-05-07 11:46:47,
2689,25972,443,tranfer,2018-05-07 11:46:47,
2690,25973,440,tranfer,2018-05-07 11:46:47,
2691,25974,447,tranfer,2018-05-07 11:46:47,
2692,25975,434,tranfer,2018-05-07 11:46:47,
2693,25976,434,tranfer,2018-05-07 11:46:47,
2694,25977,430,tranfer,2018-05-07 11:46:47,
2695,25978,438,tranfer,2018-05-07 11:46:47,
2696,25979,433,tranfer,2018-05-07 11:46:47,
2697,25980,440,tranfer,2018-05-07 11:46:47,
2698,25981,432,tranfer,2018-05-07 11:46:47,
2699,25982,529,tranfer,2018-05-07 11:46:47,
2700,25983,433,tranfer,2018-05-07 11:46:47,
2701,25984,443,tranfer,2018-05-07 11:46:47,
2702,25985,432,tranfer,2018-05-07 11:46:47,
2703,25986,441,tranfer,2018-05-07 11:46:47,
2704,25987,430,tranfer,2018-05-07 11:46:47,
2705,25988,448,tranfer,2018-05-07 11:46:47,
2706,25989,435,tranfer,2018-05-07 11:46:47,
2707,25990,435,tranfer,2018-05-07 11:46:47,
2708,25991,448,tranfer,2018-05-07 11:46:47,
2709,25992,533,tranfer,2018-05-07 11:46:47,
2710,25993,446,tranfer,2018-05-07 11:46:47,
2711,25994,437,tranfer,2018-05-07 11:46:47,
2712,25995,446,tranfer,2018-05-07 11:46:47,
2713,25996,448,tranfer,2018-05-07 11:46:47,
2714,25997,435,tranfer,2018-05-07 11:46:47,
2715,25998,531,tranfer,2018-05-07 11:46:47,
2716,25999,446,tranfer,2018-05-07 11:46:47,
2717,26000,448,tranfer,2018-05-07 11:46:47,
2718,26001,434,tranfer,2018-05-07 11:46:47,
2719,26002,435,tranfer,2018-05-07 11:46:47,
2720,26003,448,tranfer,2018-05-07 11:46:47,
2721,26004,448,tranfer,2018-05-07 11:46:47,
2722,26005,438,tranfer,2018-05-07 11:46:47,
2723,26006,433,tranfer,2018-05-07 11:46:47,
2724,26007,534,tranfer,2018-05-07 11:46:47,
2725,26008,436,tranfer,2018-05-07 11:46:47,
2726,26009,435,tranfer,2018-05-07 11:46:47,
2727,26010,435,tranfer,2018-05-07 11:46:47,
2728,26011,438,tranfer,2018-05-07 11:46:47,
2729,26012,446,tranfer,2018-05-07 11:46:47,
2730,26013,433,tranfer,2018-05-07 11:46:47,
2731,26014,438,tranfer,2018-05-07 11:46:47,
2732,26015,438,tranfer,2018-05-07 11:46:47,
2733,26016,438,tranfer,2018-05-07 11:46:47,
2734,26017,433,tranfer,2018-05-07 11:46:47,
2735,26018,438,tranfer,2018-05-07 11:46:47,
2736,26019,436,tranfer,2018-05-07 11:46:47,
2737,26020,436,tranfer,2018-05-07 11:46:47,
2738,26021,430,tranfer,2018-05-07 11:46:47,
2739,26022,430,tranfer,2018-05-07 11:46:47,
2740,26023,437,tranfer,2018-05-07 11:46:47,
2741,26024,371,tranfer,2018-05-07 11:46:47,
2742,26024,369,tranfer,2018-05-07 11:46:47,
2743,26024,367,tranfer,2018-05-07 11:46:47,
2744,26025,369,tranfer,2018-05-07 11:46:47,
2745,26026,439,tranfer,2018-05-07 11:46:47,
2746,26027,529,tranfer,2018-05-07 11:46:47,
2747,26028,436,tranfer,2018-05-07 11:46:47,
2748,26029,441,tranfer,2018-05-07 11:46:47,
2749,26030,535,tranfer,2018-05-07 11:46:47,
2750,26031,536,tranfer,2018-05-07 11:46:47,
2751,26032,364,tranfer,2018-05-07 11:46:47,
2752,26033,531,tranfer,2018-05-07 11:46:47,
2753,26034,531,tranfer,2018-05-07 11:46:47,
2754,26035,514,tranfer,2018-05-07 11:46:47,
2755,26036,515,tranfer,2018-05-07 11:46:47,
2756,26036,516,tranfer,2018-05-07 11:46:47,
2757,26037,537,tranfer,2018-05-07 11:46:47,
2758,26038,535,tranfer,2018-05-07 11:46:47,
2759,26039,537,tranfer,2018-05-07 11:46:47,
2760,26040,450,tranfer,2018-05-07 11:46:47,
2761,26041,450,tranfer,2018-05-07 11:46:47,
2762,26042,455,tranfer,2018-05-07 11:46:47,
2763,26043,454,tranfer,2018-05-07 11:46:47,
2764,26044,451,tranfer,2018-05-07 11:46:47,
2765,26045,453,tranfer,2018-05-07 11:46:47,
2766,26046,461,tranfer,2018-05-07 11:46:47,
2767,26047,452,tranfer,2018-05-07 11:46:47,
2768,26048,538,tranfer,2018-05-07 11:46:47,
2769,26049,538,tranfer,2018-05-07 11:46:47,
2770,26050,453,tranfer,2018-05-07 11:46:47,
2771,26050,458,tranfer,2018-05-07 11:46:47,
2772,26051,453,tranfer,2018-05-07 11:46:47,
2773,26052,461,tranfer,2018-05-07 11:46:47,
2774,26053,453,tranfer,2018-05-07 11:46:47,
2775,26054,370,tranfer,2018-05-07 11:46:47,
2776,26055,463,tranfer,2018-05-07 11:46:47,
2777,26056,455,tranfer,2018-05-07 11:46:47,
2778,26057,456,tranfer,2018-05-07 11:46:47,
2779,26058,458,tranfer,2018-05-07 11:46:47,
2780,26059,458,tranfer,2018-05-07 11:46:47,
2781,26060,458,tranfer,2018-05-07 11:46:47,
2782,26061,460,tranfer,2018-05-07 11:46:47,
2783,26062,460,tranfer,2018-05-07 11:46:47,
2784,26063,539,tranfer,2018-05-07 11:46:47,
2785,26064,540,tranfer,2018-05-07 11:46:47,
2786,26065,456,tranfer,2018-05-07 11:46:47,
2787,26066,460,tranfer,2018-05-07 11:46:47,
2788,26067,539,tranfer,2018-05-07 11:46:47,
2789,26068,457,tranfer,2018-05-07 11:46:47,
2790,26069,463,tranfer,2018-05-07 11:46:47,
2791,26070,463,tranfer,2018-05-07 11:46:47,
2792,26071,451,tranfer,2018-05-07 11:46:47,
2793,26072,450,tranfer,2018-05-07 11:46:47,
2794,26073,535,tranfer,2018-05-07 11:46:47,
2795,26074,535,tranfer,2018-05-07 11:46:47,
2796,26075,458,tranfer,2018-05-07 11:46:47,
2797,26076,454,tranfer,2018-05-07 11:46:47,
2798,26077,463,tranfer,2018-05-07 11:46:47,
2799,26078,491,tranfer,2018-05-07 11:46:47,
2800,26079,540,tranfer,2018-05-07 11:46:47,
2801,26080,535,tranfer,2018-05-07 11:46:47,
2802,26081,457,tranfer,2018-05-07 11:46:47,
2803,26082,535,tranfer,2018-05-07 11:46:47,
2804,26083,537,tranfer,2018-05-07 11:46:47,
2805,26084,452,tranfer,2018-05-07 11:46:47,
2806,26085,453,tranfer,2018-05-07 11:46:47,
2807,26086,460,tranfer,2018-05-07 11:46:47,
2808,26087,454,tranfer,2018-05-07 11:46:47,
2809,26088,535,tranfer,2018-05-07 11:46:47,
2810,26089,455,tranfer,2018-05-07 11:46:47,
2811,26090,456,tranfer,2018-05-07 11:46:47,
2812,26091,458,tranfer,2018-05-07 11:46:47,
2813,26092,463,tranfer,2018-05-07 11:46:47,
2814,26093,539,tranfer,2018-05-07 11:46:47,
2815,26093,459,tranfer,2018-05-07 11:46:47,
2816,26094,457,tranfer,2018-05-07 11:46:47,
2817,26095,491,tranfer,2018-05-07 11:46:47,
2818,26096,491,tranfer,2018-05-07 11:46:47,
2819,26097,455,tranfer,2018-05-07 11:46:47,
2820,26098,539,tranfer,2018-05-07 11:46:47,
2821,26098,459,tranfer,2018-05-07 11:46:47,
2822,26099,460,tranfer,2018-05-07 11:46:47,
2823,26100,451,tranfer,2018-05-07 11:46:47,
2824,26101,450,tranfer,2018-05-07 11:46:47,
2825,26102,461,tranfer,2018-05-07 11:46:47,
2826,26103,456,tranfer,2018-05-07 11:46:47,
2827,26104,453,tranfer,2018-05-07 11:46:47,
2828,26105,491,tranfer,2018-05-07 11:46:47,
2829,26106,541,tranfer,2018-05-07 11:46:47,
2830,26107,541,tranfer,2018-05-07 11:46:47,
2831,26108,541,tranfer,2018-05-07 11:46:47,
2832,26109,538,tranfer,2018-05-07 11:46:47,
2833,26110,451,tranfer,2018-05-07 11:46:47,
2834,26111,541,tranfer,2018-05-07 11:46:47,
2835,26112,457,tranfer,2018-05-07 11:46:47,
2836,26113,457,tranfer,2018-05-07 11:46:47,
2837,26114,454,tranfer,2018-05-07 11:46:47,
2838,26115,459,tranfer,2018-05-07 11:46:47,
2839,26116,538,tranfer,2018-05-07 11:46:47,
2840,26117,455,tranfer,2018-05-07 11:46:47,
2841,26118,537,tranfer,2018-05-07 11:46:47,
2842,26119,537,tranfer,2018-05-07 11:46:47,
2843,26120,452,tranfer,2018-05-07 11:46:47,
2844,26121,535,tranfer,2018-05-07 11:46:47,
2845,26121,454,tranfer,2018-05-07 11:46:47,
2846,26122,452,tranfer,2018-05-07 11:46:47,
2847,26123,452,tranfer,2018-05-07 11:46:47,
2848,26124,542,tranfer,2018-05-07 11:46:47,
2849,26125,543,tranfer,2018-05-07 11:46:47,
2850,26126,544,tranfer,2018-05-07 11:46:47,
2851,26127,545,tranfer,2018-05-07 11:46:47,
2852,26128,546,tranfer,2018-05-07 11:46:47,
2853,26129,545,tranfer,2018-05-07 11:46:47,
2854,26130,547,tranfer,2018-05-07 11:46:47,
2855,26131,548,tranfer,2018-05-07 11:46:47,
2856,26132,549,tranfer,2018-05-07 11:46:47,
2857,26133,544,tranfer,2018-05-07 11:46:47,
2858,26134,550,tranfer,2018-05-07 11:46:47,
2859,26135,547,tranfer,2018-05-07 11:46:47,
2860,26136,545,tranfer,2018-05-07 11:46:47,
2861,26137,545,tranfer,2018-05-07 11:46:47,
2862,26138,550,tranfer,2018-05-07 11:46:47,
2863,26139,543,tranfer,2018-05-07 11:46:47,
2864,26140,549,tranfer,2018-05-07 11:46:47,
2865,26141,550,tranfer,2018-05-07 11:46:47,
2866,26142,544,tranfer,2018-05-07 11:46:47,
2867,26143,551,tranfer,2018-05-07 11:46:47,
2868,26144,546,tranfer,2018-05-07 11:46:47,
2869,26145,549,tranfer,2018-05-07 11:46:47,
2870,26146,552,tranfer,2018-05-07 11:46:47,
2871,26147,547,tranfer,2018-05-07 11:46:47,
2872,26148,549,tranfer,2018-05-07 11:46:47,
2873,26149,552,tranfer,2018-05-07 11:46:47,
2874,26150,553,tranfer,2018-05-07 11:46:47,
2875,26151,547,tranfer,2018-05-07 11:46:47,
2876,26152,544,tranfer,2018-05-07 11:46:47,
2877,26153,550,tranfer,2018-05-07 11:46:47,
2878,26154,553,tranfer,2018-05-07 11:46:47,
2879,26155,551,tranfer,2018-05-07 11:46:47,
2880,26156,553,tranfer,2018-05-07 11:46:47,
2881,26157,552,tranfer,2018-05-07 11:46:47,
2882,26158,554,tranfer,2018-05-07 11:46:47,
2883,26159,546,tranfer,2018-05-07 11:46:47,
2884,26160,543,tranfer,2018-05-07 11:46:47,
2885,26161,553,tranfer,2018-05-07 11:46:47,
2886,26162,543,tranfer,2018-05-07 11:46:47,
2887,26163,551,tranfer,2018-05-07 11:46:47,
2888,26164,554,tranfer,2018-05-07 11:46:47,
2889,26165,551,tranfer,2018-05-07 11:46:47,
2890,26166,552,tranfer,2018-05-07 11:46:47,
2891,26167,555,tranfer,2018-05-07 11:46:47,
2892,26168,555,tranfer,2018-05-07 11:46:47,
2893,26169,555,tranfer,2018-05-07 11:46:47,
2894,26170,555,tranfer,2018-05-07 11:46:47,
2895,26171,542,tranfer,2018-05-07 11:46:47,
2896,26172,449,tranfer,2018-05-07 11:46:47,
2897,26173,544,tranfer,2018-05-07 11:46:47,
2898,26174,542,tranfer,2018-05-07 11:46:47,
2899,26175,550,tranfer,2018-05-07 11:46:47,
2900,26176,545,tranfer,2018-05-07 11:46:47,
2901,26177,549,tranfer,2018-05-07 11:46:47,
2902,26178,554,tranfer,2018-05-07 11:46:47,
2903,26179,553,tranfer,2018-05-07 11:46:47,
2904,26180,551,tranfer,2018-05-07 11:46:47,
2905,26181,556,tranfer,2018-05-07 11:46:47,
2906,26182,398,tranfer,2018-05-07 11:46:47,
2907,26183,557,tranfer,2018-05-07 11:46:47,
2908,26184,556,tranfer,2018-05-07 11:46:47,
2909,26185,558,tranfer,2018-05-07 11:46:47,
2910,26186,559,tranfer,2018-05-07 11:46:47,
2911,26187,560,tranfer,2018-05-07 11:46:47,
2912,26188,561,tranfer,2018-05-07 11:46:47,
2913,26189,562,tranfer,2018-05-07 11:46:47,
2914,26190,563,tranfer,2018-05-07 11:46:47,
2915,26191,564,tranfer,2018-05-07 11:46:47,
2916,26192,558,tranfer,2018-05-07 11:46:47,
2917,26193,565,tranfer,2018-05-07 11:46:47,
2918,26193,566,tranfer,2018-05-07 11:46:47,
2919,26193,567,tranfer,2018-05-07 11:46:47,
2920,26194,568,tranfer,2018-05-07 11:46:47,
2921,26195,561,tranfer,2018-05-07 11:46:47,
2922,26196,561,tranfer,2018-05-07 11:46:47,
2923,26196,566,tranfer,2018-05-07 11:46:47,
2924,26196,563,tranfer,2018-05-07 11:46:47,
2925,26196,556,tranfer,2018-05-07 11:46:47,
2926,26196,567,tranfer,2018-05-07 11:46:47,
2927,26197,569,tranfer,2018-05-07 11:46:47,
2928,26198,568,tranfer,2018-05-07 11:46:47,
2929,26199,570,tranfer,2018-05-07 11:46:47,
2930,26200,570,tranfer,2018-05-07 11:46:47,
2931,26201,556,tranfer,2018-05-07 11:46:47,
2932,26202,569,tranfer,2018-05-07 11:46:47,
2933,26203,558,tranfer,2018-05-07 11:46:47,
2934,26204,566,tranfer,2018-05-07 11:46:47,
2935,26205,566,tranfer,2018-05-07 11:46:47,
2936,26206,566,tranfer,2018-05-07 11:46:47,
2937,26207,570,tranfer,2018-05-07 11:46:47,
2938,26208,571,tranfer,2018-05-07 11:46:47,
2939,26209,556,tranfer,2018-05-07 11:46:47,
2940,26210,568,tranfer,2018-05-07 11:46:47,
2941,26211,571,tranfer,2018-05-07 11:46:47,
2942,26212,571,tranfer,2018-05-07 11:46:47,
2943,26213,565,tranfer,2018-05-07 11:46:47,
2944,26214,563,tranfer,2018-05-07 11:46:47,
2945,26214,556,tranfer,2018-05-07 11:46:47,
2946,26215,563,tranfer,2018-05-07 11:46:47,
2947,26215,556,tranfer,2018-05-07 11:46:47,
2948,26216,568,tranfer,2018-05-07 11:46:47,
2949,26217,556,tranfer,2018-05-07 11:46:47,
2950,26218,565,tranfer,2018-05-07 11:46:47,
2951,26219,567,tranfer,2018-05-07 11:46:47,
2952,26220,566,tranfer,2018-05-07 11:46:47,
2953,26221,565,tranfer,2018-05-07 11:46:47,
2954,26222,557,tranfer,2018-05-07 11:46:47,
2955,26223,569,tranfer,2018-05-07 11:46:47,
2956,26224,572,tranfer,2018-05-07 11:46:47,
2957,26225,572,tranfer,2018-05-07 11:46:47,
2958,26226,561,tranfer,2018-05-07 11:46:47,
2959,26227,566,tranfer,2018-05-07 11:46:47,
2960,26228,572,tranfer,2018-05-07 11:46:47,
2961,26229,572,tranfer,2018-05-07 11:46:47,
2962,26230,573,tranfer,2018-05-07 11:46:47,
2963,26230,574,tranfer,2018-05-07 11:46:47,
2964,26231,562,tranfer,2018-05-07 11:46:47,
2965,26232,566,tranfer,2018-05-07 11:46:47,
2966,26233,562,tranfer,2018-05-07 11:46:47,
2967,26234,558,tranfer,2018-05-07 11:46:47,
2968,26235,562,tranfer,2018-05-07 11:46:47,
2969,26236,566,tranfer,2018-05-07 11:46:47,
2970,26237,562,tranfer,2018-05-07 11:46:47,
2971,26238,570,tranfer,2018-05-07 11:46:47,
2972,26239,567,tranfer,2018-05-07 11:46:47,
2973,26240,575,tranfer,2018-05-07 11:46:47,
2974,26240,558,tranfer,2018-05-07 11:46:47,
2975,26241,564,tranfer,2018-05-07 11:46:47,
2976,26242,565,tranfer,2018-05-07 11:46:47,
2977,26242,574,tranfer,2018-05-07 11:46:47,
2978,26243,565,tranfer,2018-05-07 11:46:47,
2979,26244,573,tranfer,2018-05-07 11:46:47,
2980,26245,556,tranfer,2018-05-07 11:46:47,
2981,26246,576,tranfer,2018-05-07 11:46:47,
2982,26247,567,tranfer,2018-05-07 11:46:47,
2983,26248,566,tranfer,2018-05-07 11:46:47,
2984,26249,558,tranfer,2018-05-07 11:46:47,
2985,26250,562,tranfer,2018-05-07 11:46:47,
2986,26251,567,tranfer,2018-05-07 11:46:47,
2987,26252,557,tranfer,2018-05-07 11:46:47,
2988,26253,449,tranfer,2018-05-07 11:46:47,
2989,26253,577,tranfer,2018-05-07 11:46:47,
2990,26254,449,tranfer,2018-05-07 11:46:47,
2991,26254,577,tranfer,2018-05-07 11:46:47,
2992,26255,557,tranfer,2018-05-07 11:46:47,
2993,26256,578,tranfer,2018-05-07 11:46:47,
2994,26256,563,tranfer,2018-05-07 11:46:47,
2995,26257,562,tranfer,2018-05-07 11:46:47,
2996,26258,575,tranfer,2018-05-07 11:46:47,
2997,26258,558,tranfer,2018-05-07 11:46:47,
2998,26259,573,tranfer,2018-05-07 11:46:47,
2999,26259,574,tranfer,2018-05-07 11:46:47,
3000,26260,579,tranfer,2018-05-07 11:46:47,
3001,26261,580,tranfer,2018-05-07 11:46:47,
3002,26261,581,tranfer,2018-05-07 11:46:47,
3003,26262,582,tranfer,2018-05-07 11:46:47,
3004,26263,583,tranfer,2018-05-07 11:46:47,
3005,26264,584,tranfer,2018-05-07 11:46:47,
3006,26264,585,tranfer,2018-05-07 11:46:47,
3007,26265,583,tranfer,2018-05-07 11:46:47,
3008,26266,586,tranfer,2018-05-07 11:46:47,
3009,26267,582,tranfer,2018-05-07 11:46:47,
3010,26268,587,tranfer,2018-05-07 11:46:47,
3011,26269,584,tranfer,2018-05-07 11:46:47,
3012,26269,585,tranfer,2018-05-07 11:46:47,
3013,26270,588,tranfer,2018-05-07 11:46:47,
3014,26271,587,tranfer,2018-05-07 11:46:47,
3015,26272,588,tranfer,2018-05-07 11:46:47,
3016,26273,587,tranfer,2018-05-07 11:46:47,
3017,26274,587,tranfer,2018-05-07 11:46:47,
3018,26275,587,tranfer,2018-05-07 11:46:47,
3019,26276,588,tranfer,2018-05-07 11:46:47,
3020,26277,589,tranfer,2018-05-07 11:46:47,
3021,26277,582,tranfer,2018-05-07 11:46:47,
3022,26278,590,tranfer,2018-05-07 11:46:47,
3023,26279,591,tranfer,2018-05-07 11:46:47,
3024,26280,580,tranfer,2018-05-07 11:46:47,
3025,26280,581,tranfer,2018-05-07 11:46:47,
3026,26281,582,tranfer,2018-05-07 11:46:47,
3027,26282,592,tranfer,2018-05-07 11:46:47,
3028,26282,593,tranfer,2018-05-07 11:46:47,
3029,26283,594,tranfer,2018-05-07 11:46:47,
3030,26283,583,tranfer,2018-05-07 11:46:47,
3031,26284,586,tranfer,2018-05-07 11:46:47,
3032,26285,586,tranfer,2018-05-07 11:46:47,
3033,26286,595,tranfer,2018-05-07 11:46:47,
3034,26287,594,tranfer,2018-05-07 11:46:47,
3035,26287,596,tranfer,2018-05-07 11:46:47,
3036,26287,583,tranfer,2018-05-07 11:46:47,
3037,26287,581,tranfer,2018-05-07 11:46:47,
3038,26288,595,tranfer,2018-05-07 11:46:47,
3039,26289,534,tranfer,2018-05-07 11:46:47,
3040,26290,584,tranfer,2018-05-07 11:46:47,
3041,26291,597,tranfer,2018-05-07 11:46:47,
3042,26292,597,tranfer,2018-05-07 11:46:47,
3043,26293,590,tranfer,2018-05-07 11:46:47,
3044,26294,585,tranfer,2018-05-07 11:46:47,
3045,26295,579,tranfer,2018-05-07 11:46:47,
3046,26296,598,tranfer,2018-05-07 11:46:47,
3047,26297,586,tranfer,2018-05-07 11:46:47,
3048,26298,592,tranfer,2018-05-07 11:46:47,
3049,26298,593,tranfer,2018-05-07 11:46:47,
3050,26299,599,tranfer,2018-05-07 11:46:47,
3051,26299,600,tranfer,2018-05-07 11:46:47,
3052,26300,534,tranfer,2018-05-07 11:46:47,
3053,26301,591,tranfer,2018-05-07 11:46:47,
3054,26302,598,tranfer,2018-05-07 11:46:47,
3055,26303,592,tranfer,2018-05-07 11:46:47,
3056,26303,593,tranfer,2018-05-07 11:46:47,
3057,26304,598,tranfer,2018-05-07 11:46:47,
3058,26305,598,tranfer,2018-05-07 11:46:47,
3059,26306,598,tranfer,2018-05-07 11:46:47,
3060,26307,580,tranfer,2018-05-07 11:46:47,
3061,26307,581,tranfer,2018-05-07 11:46:47,
3062,26308,591,tranfer,2018-05-07 11:46:47,
3063,26309,585,tranfer,2018-05-07 11:46:47,
3064,26310,593,tranfer,2018-05-07 11:46:47,
3065,26311,581,tranfer,2018-05-07 11:46:47,
3066,26311,595,tranfer,2018-05-07 11:46:47,
3067,26312,534,tranfer,2018-05-07 11:46:47,
3068,26313,601,tranfer,2018-05-07 11:46:47,
3069,26313,602,tranfer,2018-05-07 11:46:47,
3070,26314,590,tranfer,2018-05-07 11:46:47,
3071,26315,603,tranfer,2018-05-07 11:46:47,
3072,26315,602,tranfer,2018-05-07 11:46:47,
3073,26316,576,tranfer,2018-05-07 11:46:47,
3074,26317,602,tranfer,2018-05-07 11:46:47,
3075,26318,603,tranfer,2018-05-07 11:46:47,
3076,26319,581,tranfer,2018-05-07 11:46:47,
3077,26319,595,tranfer,2018-05-07 11:46:47,
3078,26320,599,tranfer,2018-05-07 11:46:47,
3079,26321,599,tranfer,2018-05-07 11:46:47,
3080,26322,599,tranfer,2018-05-07 11:46:47,
3081,26323,601,tranfer,2018-05-07 11:46:47,
3082,26324,601,tranfer,2018-05-07 11:46:47,
3083,26324,602,tranfer,2018-05-07 11:46:47,
3084,26325,534,tranfer,2018-05-07 11:46:47,
3085,26326,599,tranfer,2018-05-07 11:46:47,
3086,26326,600,tranfer,2018-05-07 11:46:47,
3087,26327,585,tranfer,2018-05-07 11:46:47,
3088,26328,580,tranfer,2018-05-07 11:46:47,
3089,26329,587,tranfer,2018-05-07 11:46:47,
3090,26330,597,tranfer,2018-05-07 11:46:47,
3091,26331,587,tranfer,2018-05-07 11:46:47,
3092,26332,497,tranfer,2018-05-07 11:46:47,
3093,26333,579,tranfer,2018-05-07 11:46:47,
3094,26334,588,tranfer,2018-05-07 11:46:47,
3095,26335,576,tranfer,2018-05-07 11:46:47,
3096,26335,595,tranfer,2018-05-07 11:46:47,
3097,26336,579,tranfer,2018-05-07 11:46:47,
3098,26337,591,tranfer,2018-05-07 11:46:47,
3099,26337,593,tranfer,2018-05-07 11:46:47,
3100,26338,601,tranfer,2018-05-07 11:46:47,
3101,26339,594,tranfer,2018-05-07 11:46:47,
3102,26340,601,tranfer,2018-05-07 11:46:47,
3103,26340,599,tranfer,2018-05-07 11:46:47,
3104,26341,596,tranfer,2018-05-07 11:46:47,
3105,26341,581,tranfer,2018-05-07 11:46:47,
3106,26342,600,tranfer,2018-05-07 11:46:47,
3107,26343,591,tranfer,2018-05-07 11:46:47,
3108,26343,595,tranfer,2018-05-07 11:46:47,
3109,26344,603,tranfer,2018-05-07 11:46:47,
3110,26345,591,tranfer,2018-05-07 11:46:47,
3111,26345,597,tranfer,2018-05-07 11:46:47,
3112,26345,598,tranfer,2018-05-07 11:46:47,
3113,26345,595,tranfer,2018-05-07 11:46:47,
3114,26346,497,tranfer,2018-05-07 11:46:47,
3115,26347,586,tranfer,2018-05-07 11:46:47,
3116,26348,478,tranfer,2018-05-07 11:46:47,
3117,26348,474,tranfer,2018-05-07 11:46:47,
3118,26349,471,tranfer,2018-05-07 11:46:47,
3119,26350,468,tranfer,2018-05-07 11:46:47,
3120,26351,472,tranfer,2018-05-07 11:46:47,
3121,26351,482,tranfer,2018-05-07 11:46:47,
3122,26352,482,tranfer,2018-05-07 11:46:47,
3123,26353,484,tranfer,2018-05-07 11:46:47,
3124,26353,485,tranfer,2018-05-07 11:46:47,
3125,26354,467,tranfer,2018-05-07 11:46:47,
3126,26354,465,tranfer,2018-05-07 11:46:47,
3127,26354,469,tranfer,2018-05-07 11:46:47,
3128,26355,466,tranfer,2018-05-07 11:46:47,
3129,26356,480,tranfer,2018-05-07 11:46:47,
3130,26357,468,tranfer,2018-05-07 11:46:47,
3131,26358,478,tranfer,2018-05-07 11:46:47,
3132,26358,604,tranfer,2018-05-07 11:46:47,
3133,26358,474,tranfer,2018-05-07 11:46:47,
3134,26359,481,tranfer,2018-05-07 11:46:47,
3135,26360,465,tranfer,2018-05-07 11:46:47,
3136,26361,605,tranfer,2018-05-07 11:46:47,
3137,26361,473,tranfer,2018-05-07 11:46:47,
3138,26362,483,tranfer,2018-05-07 11:46:47,
3139,26362,475,tranfer,2018-05-07 11:46:47,
3140,26363,476,tranfer,2018-05-07 11:46:47,
3141,26364,471,tranfer,2018-05-07 11:46:47,
3142,26365,606,tranfer,2018-05-07 11:46:47,
3143,26366,607,tranfer,2018-05-07 11:46:47,
3144,26367,468,tranfer,2018-05-07 11:46:47,
3145,26368,474,tranfer,2018-05-07 11:46:47,
3146,26369,479,tranfer,2018-05-07 11:46:47,
3147,26369,476,tranfer,2018-05-07 11:46:47,
3148,26370,467,tranfer,2018-05-07 11:46:47,
3149,26370,465,tranfer,2018-05-07 11:46:47,
3150,26370,469,tranfer,2018-05-07 11:46:47,
3151,26371,467,tranfer,2018-05-07 11:46:47,
3152,26371,465,tranfer,2018-05-07 11:46:47,
3153,26372,470,tranfer,2018-05-07 11:46:47,
3154,26373,487,tranfer,2018-05-07 11:46:47,
