2313,14957,33,trtransfer,2018-05-04 15:55:12,,489,10:00:00,12:00:00,1
2314,14958,33,trtransfer,2018-05-04 15:55:12,,501,16:00:00,18:00:00,1
2315,14959,3,trtransfer,2018-05-04 15:55:12,,415,16:00:00,18:00:00,1
2316,14960,5,trtransfer,2018-05-04 15:55:12,,415,16:00:00,18:00:00,1
2317,14961,9,trtransfer,2018-05-04 15:55:12,,420,18:00:00,20:00:00,1
2318,14962,3,trtransfer,2018-05-04 15:55:12,,422,20:00:00,22:00:00,1
2319,14963,9,trtransfer,2018-05-04 15:55:12,,426,10:00:00,12:00:00,1
2320,14964,31,trtransfer,2018-05-04 15:55:12,,426,10:00:00,12:00:00,1
2321,14965,55,trtransfer,2018-05-04 15:55:12,,406,09:00:00,15:00:00,1
2322,14966,3,trtransfer,2018-05-04 15:55:12,,422,18:00:00,20:00:00,1
2323,14967,31,trtransfer,2018-05-04 15:55:12,,352,14:00:00,16:00:00,1
2324,14968,10,trtransfer,2018-05-04 15:55:12,,440,20:00:00,22:00:00,1
2325,14969,33,trtransfer,2018-05-04 15:55:12,,448,14:00:00,16:00:00,1
2326,14970,34,trtransfer,2018-05-04 15:55:12,,451,10:00:00,12:00:00,1
2327,14971,70,trtransfer,2018-05-04 15:55:12,,454,12:00:00,14:00:00,1
2328,14972,20,trtransfer,2018-05-04 15:55:12,,544,10:00:00,14:00:00,1
2329,14973,14,trtransfer,2018-05-04 15:55:12,,558,12:00:00,14:00:00,1
2330,14974,18,trtransfer,2018-05-04 15:55:12,,558,12:00:00,14:00:00,1
2331,14975,18,trtransfer,2018-05-04 15:55:12,,558,10:00:00,12:00:00,1
2332,14976,3,trtransfer,2018-05-04 15:55:12,,586,08:00:00,12:00:00,1
2333,14977,4,trtransfer,2018-05-04 15:55:12,,586,08:00:00,12:00:00,1
2334,14978,5,trtransfer,2018-05-04 15:55:12,,586,08:00:00,10:00:00,1
2335,14979,6,trtransfer,2018-05-04 15:55:12,,586,08:00:00,10:00:00,1
2336,14980,7,trtransfer,2018-05-04 15:55:12,,586,08:00:00,10:00:00,1
2337,14981,8,trtransfer,2018-05-04 15:55:12,,586,08:00:00,10:00:00,1
2338,14982,33,trtransfer,2018-05-04 15:55:12,,588,12:00:00,14:00:00,1
2339,14983,6,trtransfer,2018-05-04 15:55:12,,586,14:00:00,16:00:00,1
2340,14984,6,trtransfer,2018-05-04 15:55:12,,599,16:00:00,18:00:00,1
2341,14985,8,trtransfer,2018-05-04 15:55:12,,599,16:00:00,18:00:00,1
2342,14986,6,trtransfer,2018-05-04 15:55:12,,587,10:00:00,12:00:00,1
2343,14987,6,trtransfer,2018-05-04 15:55:12,,579,18:00:00,20:00:00,1
2344,14988,3,trtransfer,2018-05-04 15:55:12,,591,12:00:00,16:00:00,1
2345,14989,4,trtransfer,2018-05-04 15:55:12,,591,12:00:00,16:00:00,1
2346,14990,5,trtransfer,2018-05-04 15:55:12,,591,12:00:00,16:00:00,1
2347,14991,6,trtransfer,2018-05-04 15:55:12,,591,12:00:00,14:00:00,1
2348,14992,5,trtransfer,2018-05-04 15:55:12,,466,18:00:00,20:00:00,1
2349,14993,7,trtransfer,2018-05-04 15:55:12,,466,18:00:00,20:00:00,1
2350,14994,32,trtransfer,2018-05-04 15:55:12,,466,18:00:00,20:00:00,1
2351,14995,3,trtransfer,2018-05-04 15:55:12,,488,16:00:00,18:00:00,2
2352,14996,4,trtransfer,2018-05-04 15:55:12,,488,16:00:00,18:00:00,2
2353,14997,7,trtransfer,2018-05-04 15:55:12,,357,14:00:00,16:00:00,2
2354,14998,3,trtransfer,2018-05-04 15:55:12,,360,14:00:00,16:00:00,2
2355,14999,4,trtransfer,2018-05-04 15:55:12,,360,14:00:00,16:00:00,2
2356,15000,5,trtransfer,2018-05-04 15:55:12,,498,10:00:00,12:00:00,2
2357,15001,4,trtransfer,2018-05-04 15:55:12,,506,20:00:00,22:00:00,2
2358,15002,3,trtransfer,2018-05-04 15:55:12,,371,12:00:00,14:00:00,2
2359,15003,7,trtransfer,2018-05-04 15:55:12,,371,12:00:00,14:00:00,2
2360,15004,12,trtransfer,2018-05-04 15:55:12,,371,12:00:00,14:00:00,2
2361,15005,4,trtransfer,2018-05-04 15:55:12,,388,18:00:00,20:00:00,2
2362,15006,9,trtransfer,2018-05-04 15:55:12,,427,11:00:00,12:00:00,2
2363,15007,9,trtransfer,2018-05-04 15:55:12,,427,10:00:00,11:00:00,2
2364,15008,27,trtransfer,2018-05-04 15:55:12,,406,09:00:00,15:00:00,2
2365,15009,55,trtransfer,2018-05-04 15:55:12,,406,09:00:00,15:00:00,2
2366,15010,31,trtransfer,2018-05-04 15:55:12,,400,16:00:00,18:00:00,2
2367,15011,9,trtransfer,2018-05-04 15:55:12,,427,08:00:00,10:00:00,2
2368,15012,3,trtransfer,2018-05-04 15:55:12,,439,10:00:00,12:00:00,2
2369,15013,16,trtransfer,2018-05-04 15:55:12,,435,14:00:00,16:00:00,2
2370,15014,33,trtransfer,2018-05-04 15:55:12,,438,11:00:00,13:00:00,2
2371,15015,33,trtransfer,2018-05-04 15:55:12,,450,15:00:00,17:00:00,2
2372,15016,22,trtransfer,2018-05-04 15:55:12,,450,15:00:00,16:00:00,2
2373,15017,22,trtransfer,2018-05-04 15:55:12,,450,16:00:00,17:00:00,2
2374,15018,33,trtransfer,2018-05-04 15:55:12,,454,13:00:00,15:00:00,2
2375,15019,20,trtransfer,2018-05-04 15:55:12,,542,08:00:00,10:00:00,2
2376,15020,4,trtransfer,2018-05-04 15:55:12,,568,12:00:00,14:00:00,2
2377,15021,4,trtransfer,2018-05-04 15:55:12,,565,10:00:00,12:00:00,2
2378,15022,4,trtransfer,2018-05-04 15:55:12,,565,08:00:00,10:00:00,2
2379,15023,6,trtransfer,2018-05-04 15:55:12,,597,12:00:00,14:00:00,2
2380,15024,8,trtransfer,2018-05-04 15:55:12,,579,12:00:00,14:00:00,2
2381,15025,6,trtransfer,2018-05-04 15:55:12,,603,14:00:00,16:00:00,2
2382,15026,8,trtransfer,2018-05-04 15:55:12,,603,14:00:00,16:00:00,2
2383,15027,6,trtransfer,2018-05-04 15:55:12,,588,08:00:00,10:00:00,2
2384,15028,7,trtransfer,2018-05-04 15:55:12,,492,16:00:00,18:00:00,3
2385,15029,33,trtransfer,2018-05-04 15:55:12,,372,16:00:00,18:00:00,3
2386,15030,3,trtransfer,2018-05-04 15:55:12,,390,14:00:00,16:00:00,3
2387,15031,5,trtransfer,2018-05-04 15:55:12,,390,14:00:00,16:00:00,3
2388,15032,12,trtransfer,2018-05-04 15:55:12,,390,14:00:00,16:00:00,3
2389,15033,31,trtransfer,2018-05-04 15:55:12,,416,10:00:00,12:00:00,3
2390,15034,31,trtransfer,2018-05-04 15:55:12,,416,12:00:00,14:00:00,3
2391,15035,3,trtransfer,2018-05-04 15:55:12,,429,18:00:00,20:00:00,3
2392,15036,31,trtransfer,2018-05-04 15:55:12,,413,14:00:00,16:00:00,3
2393,15037,4,trtransfer,2018-05-04 15:55:12,,409,18:00:00,20:00:00,3
2394,15038,5,trtransfer,2018-05-04 15:55:12,,409,18:00:00,20:00:00,3
2395,15039,7,trtransfer,2018-05-04 15:55:12,,409,18:00:00,20:00:00,3
2396,15040,55,trtransfer,2018-05-04 15:55:12,,406,14:00:00,15:00:00,3
2397,15041,55,trtransfer,2018-05-04 15:55:12,,406,09:00:00,14:00:00,3
2398,15042,33,trtransfer,2018-05-04 15:55:12,,443,12:00:00,14:00:00,3
2399,15043,5,trtransfer,2018-05-04 15:55:12,,436,16:00:00,18:00:00,3
2400,15044,22,trtransfer,2018-05-04 15:55:12,,461,08:00:00,10:00:00,3
2401,15045,22,trtransfer,2018-05-04 15:55:12,,370,12:00:00,14:00:00,3
2402,15046,22,trtransfer,2018-05-04 15:55:12,,535,18:00:00,20:00:00,3
2403,15047,33,trtransfer,2018-05-04 15:55:12,,555,14:00:00,16:00:00,3
2404,15048,4,trtransfer,2018-05-04 15:55:12,,557,14:00:00,16:00:00,3
2405,15049,4,trtransfer,2018-05-04 15:55:12,,570,20:00:00,22:00:00,3
2406,15050,33,trtransfer,2018-05-04 15:55:12,,570,18:00:00,20:00:00,3
2407,15051,4,trtransfer,2018-05-04 15:55:12,,568,16:00:00,18:00:00,3
2408,15052,4,trtransfer,2018-05-04 15:55:12,,591,08:00:00,10:00:00,3
2409,15053,3,trtransfer,2018-05-04 15:55:12,,581,10:00:00,12:00:00,3
2410,15054,4,trtransfer,2018-05-04 15:55:12,,581,10:00:00,12:00:00,3
2411,15055,6,trtransfer,2018-05-04 15:55:12,,581,10:00:00,12:00:00,3
2412,15056,7,trtransfer,2018-05-04 15:55:12,,581,10:00:00,12:00:00,3
2413,15057,3,trtransfer,2018-05-04 15:55:12,,587,12:00:00,14:00:00,3
2414,15058,4,trtransfer,2018-05-04 15:55:12,,587,12:00:00,14:00:00,3
2415,15059,5,trtransfer,2018-05-04 15:55:12,,587,12:00:00,14:00:00,3
2416,15060,6,trtransfer,2018-05-04 15:55:12,,587,12:00:00,14:00:00,3
2417,15061,8,trtransfer,2018-05-04 15:55:12,,587,12:00:00,14:00:00,3
2418,15062,33,trtransfer,2018-05-04 15:55:12,,483,10:00:00,12:00:00,3
2419,15063,32,trtransfer,2018-05-04 15:55:12,,483,10:00:00,12:00:00,3
2420,15064,33,trtransfer,2018-05-04 15:55:12,,499,08:00:00,10:00:00,4
2421,15065,3,trtransfer,2018-05-04 15:55:12,,388,16:00:00,18:00:00,4
2422,15066,5,trtransfer,2018-05-04 15:55:12,,388,16:00:00,18:00:00,4
2423,15067,8,trtransfer,2018-05-04 15:55:12,,388,16:00:00,18:00:00,4
2424,15068,6,trtransfer,2018-05-04 15:55:12,,369,10:00:00,12:00:00,4
2425,15069,12,trtransfer,2018-05-04 15:55:12,,369,10:00:00,12:00:00,4
2426,15070,55,trtransfer,2018-05-04 15:55:12,,406,09:00:00,14:00:00,4
2427,15071,33,trtransfer,2018-05-04 15:55:12,,443,12:00:00,14:00:00,4
2428,15072,4,trtransfer,2018-05-04 15:55:12,,450,20:00:00,22:00:00,4
2429,15073,70,trtransfer,2018-05-04 15:55:12,,454,16:00:00,18:00:00,4
2430,15074,4,trtransfer,2018-05-04 15:55:12,,551,14:00:00,16:00:00,4
2431,15075,14,trtransfer,2018-05-04 15:55:12,,556,10:00:00,12:00:00,4
2432,15076,6,trtransfer,2018-05-04 15:55:12,,598,18:00:00,20:00:00,4
2433,15077,7,trtransfer,2018-05-04 15:55:12,,598,18:00:00,20:00:00,4
2434,15078,3,trtransfer,2018-05-04 15:55:12,,468,10:00:00,12:00:00,4
2435,15079,4,trtransfer,2018-05-04 15:55:12,,468,10:00:00,12:00:00,4
2436,15080,5,trtransfer,2018-05-04 15:55:12,,468,10:00:00,12:00:00,4
2437,15081,7,trtransfer,2018-05-04 15:55:12,,468,10:00:00,12:00:00,4
2438,15082,32,trtransfer,2018-05-04 15:55:12,,468,10:00:00,12:00:00,4
2439,15083,3,trtransfer,2018-05-04 15:55:12,,470,08:00:00,10:00:00,4
2440,15084,4,trtransfer,2018-05-04 15:55:12,,470,08:00:00,10:00:00,4
2441,15085,5,trtransfer,2018-05-04 15:55:12,,470,08:00:00,10:00:00,4
2442,15086,7,trtransfer,2018-05-04 15:55:12,,470,08:00:00,10:00:00,4
2443,15087,3,trtransfer,2018-05-04 15:55:12,,353,14:00:00,16:00:00,5
2444,15088,4,trtransfer,2018-05-04 15:55:12,,353,14:00:00,16:00:00,5
2445,15089,7,trtransfer,2018-05-04 15:55:12,,492,08:00:00,10:00:00,5
2446,15090,3,trtransfer,2018-05-04 15:55:12,,500,16:00:00,18:00:00,5
2447,15091,4,trtransfer,2018-05-04 15:55:12,,500,16:00:00,18:00:00,5
2448,15092,5,trtransfer,2018-05-04 15:55:12,,500,16:00:00,18:00:00,5
2449,15093,6,trtransfer,2018-05-04 15:55:12,,376,10:00:00,12:00:00,5
2450,15094,7,trtransfer,2018-05-04 15:55:12,,376,10:00:00,12:00:00,5
2451,15095,8,trtransfer,2018-05-04 15:55:12,,376,10:00:00,12:00:00,5
2452,15096,3,trtransfer,2018-05-04 15:55:12,,406,12:00:00,14:00:00,5
2453,15097,4,trtransfer,2018-05-04 15:55:12,,406,12:00:00,14:00:00,5
2454,15098,5,trtransfer,2018-05-04 15:55:12,,406,12:00:00,14:00:00,5
2455,15099,4,trtransfer,2018-05-04 15:55:12,,405,10:00:00,12:00:00,5
2456,15100,33,trtransfer,2018-05-04 15:55:12,,405,10:00:00,12:00:00,5
2457,15101,3,trtransfer,2018-05-04 15:55:12,,518,08:00:00,10:00:00,5
2458,15102,4,trtransfer,2018-05-04 15:55:12,,518,08:00:00,10:00:00,5
2459,15103,9,trtransfer,2018-05-04 15:55:12,,518,10:00:00,12:00:00,5
2460,15104,31,trtransfer,2018-05-04 15:55:12,,518,10:00:00,12:00:00,5
2461,15105,3,trtransfer,2018-05-04 15:55:12,,424,10:00:00,12:00:00,5
2462,15106,5,trtransfer,2018-05-04 15:55:12,,424,10:00:00,12:00:00,5
2463,15107,10,trtransfer,2018-05-04 15:55:12,,435,13:00:00,17:00:00,5
2464,15108,22,trtransfer,2018-05-04 15:55:12,,463,08:00:00,12:00:00,5
2465,15109,25,trtransfer,2018-05-04 15:55:12,,463,08:00:00,12:00:00,5
2466,15110,33,trtransfer,2018-05-04 15:55:12,,544,16:00:00,18:00:00,5
2467,15111,33,trtransfer,2018-05-04 15:55:12,,551,18:00:00,20:00:00,5
2468,15112,14,trtransfer,2018-05-04 15:55:12,,573,12:00:00,14:00:00,5
2469,15113,14,trtransfer,2018-05-04 15:55:12,,573,10:00:00,12:00:00,5
2470,15114,3,trtransfer,2018-05-04 15:55:12,,583,18:00:00,20:00:00,5
2471,15115,4,trtransfer,2018-05-04 15:55:12,,583,18:00:00,20:00:00,5
2472,15116,5,trtransfer,2018-05-04 15:55:12,,583,18:00:00,20:00:00,5
2473,15117,6,trtransfer,2018-05-04 15:55:12,,583,18:00:00,20:00:00,5
2474,15118,7,trtransfer,2018-05-04 15:55:12,,583,18:00:00,20:00:00,5
2475,15119,8,trtransfer,2018-05-04 15:55:12,,583,18:00:00,20:00:00,5
2476,15120,6,trtransfer,2018-05-04 15:55:12,,587,14:00:00,16:00:00,5
2477,15121,8,trtransfer,2018-05-04 15:55:12,,587,14:00:00,16:00:00,5
2478,15122,33,trtransfer,2018-05-04 15:55:12,,484,14:00:00,16:00:00,5
2479,15123,31,trtransfer,2018-05-04 15:55:12,,484,14:00:00,16:00:00,5
2480,15124,32,trtransfer,2018-05-04 15:55:12,,484,14:00:00,16:00:00,5
2481,15125,4,trtransfer,2018-05-04 15:55:12,,552,14:00:00,16:00:00,6
2482,15126,7,trtransfer,2018-05-04 15:55:12,,481,08:00:00,10:00:00,6
2483,15127,32,trtransfer,2018-05-04 15:55:12,,481,08:00:00,10:00:00,6
2484,15128,9,trtransfer,2018-05-04 15:55:12,,490,14:00:00,16:00:00,1
2485,15129,33,trtransfer,2018-05-04 15:55:12,,490,14:00:00,16:00:00,1
2486,15130,33,trtransfer,2018-05-04 15:55:12,,363,10:00:00,12:00:00,1
2487,15131,7,trtransfer,2018-05-04 15:55:12,,384,10:00:00,12:00:00,1
2488,15132,12,trtransfer,2018-05-04 15:55:12,,384,10:00:00,12:00:00,1
2489,15133,3,trtransfer,2018-05-04 15:55:12,,400,18:00:00,20:00:00,1
2490,15134,4,trtransfer,2018-05-04 15:55:12,,400,18:00:00,20:00:00,1
2491,15135,5,trtransfer,2018-05-04 15:55:12,,400,18:00:00,20:00:00,1
2492,15136,27,trtransfer,2018-05-04 15:55:12,,407,12:00:00,14:00:00,1
2493,15137,4,trtransfer,2018-05-04 15:55:12,,425,16:00:00,18:00:00,1
2494,15138,9,trtransfer,2018-05-04 15:55:12,,407,10:00:00,12:00:00,1
2495,15139,36,trtransfer,2018-05-04 15:55:12,,532,10:00:00,14:00:00,1
2496,15140,10,trtransfer,2018-05-04 15:55:12,,364,12:00:00,15:00:00,1
2497,15141,33,trtransfer,2018-05-04 15:55:12,,436,16:00:00,18:00:00,1
2498,15142,22,trtransfer,2018-05-04 15:55:12,,453,14:00:00,16:00:00,1
2499,15143,25,trtransfer,2018-05-04 15:55:12,,453,14:00:00,16:00:00,1
2500,15144,22,trtransfer,2018-05-04 15:55:12,,463,08:00:00,12:00:00,1
2501,15145,25,trtransfer,2018-05-04 15:55:12,,463,08:00:00,12:00:00,1
2502,15146,70,trtransfer,2018-05-04 15:55:12,,460,10:00:00,12:00:00,1
2503,15147,7,trtransfer,2018-05-04 15:55:12,,454,14:00:00,16:00:00,1
2504,15148,14,trtransfer,2018-05-04 15:55:12,,572,16:00:00,19:00:00,1
2505,15149,4,trtransfer,2018-05-04 15:55:12,,572,20:00:00,22:00:00,1
2506,15150,3,trtransfer,2018-05-04 15:55:12,,580,08:00:00,12:00:00,1
2507,15151,4,trtransfer,2018-05-04 15:55:12,,580,08:00:00,12:00:00,1
2508,15152,5,trtransfer,2018-05-04 15:55:12,,580,08:00:00,12:00:00,1
2509,15153,6,trtransfer,2018-05-04 15:55:12,,580,08:00:00,12:00:00,1
2510,15154,6,trtransfer,2018-05-04 15:55:12,,588,18:00:00,20:00:00,1
2511,15155,33,trtransfer,2018-05-04 15:55:12,,534,18:00:00,20:00:00,1
2512,15156,33,trtransfer,2018-05-04 15:55:12,,534,12:00:00,14:00:00,1
2513,15157,3,trtransfer,2018-05-04 15:55:12,,597,12:00:00,14:00:00,1
2514,15158,4,trtransfer,2018-05-04 15:55:12,,597,12:00:00,14:00:00,1
2515,15159,5,trtransfer,2018-05-04 15:55:12,,597,12:00:00,14:00:00,1
2516,15160,6,trtransfer,2018-05-04 15:55:12,,597,12:00:00,14:00:00,1
2517,15161,8,trtransfer,2018-05-04 15:55:12,,597,12:00:00,14:00:00,1
2518,15162,32,trtransfer,2018-05-04 15:55:12,,482,10:00:00,12:00:00,1
2519,15163,3,trtransfer,2018-05-04 15:55:12,,356,16:00:00,18:00:00,2
2520,15164,4,trtransfer,2018-05-04 15:55:12,,356,16:00:00,18:00:00,2
2521,15165,5,trtransfer,2018-05-04 15:55:12,,488,14:00:00,16:00:00,2
2522,15166,5,trtransfer,2018-05-04 15:55:12,,357,08:00:00,10:00:00,2
2523,15167,3,trtransfer,2018-05-04 15:55:12,,374,12:00:00,14:00:00,2
2524,15168,12,trtransfer,2018-05-04 15:55:12,,374,12:00:00,14:00:00,2
2525,15169,3,trtransfer,2018-05-04 15:55:12,,508,20:00:00,22:00:00,2
2526,15170,7,trtransfer,2018-05-04 15:55:12,,508,20:00:00,22:00:00,2
2527,15171,8,trtransfer,2018-05-04 15:55:12,,508,20:00:00,22:00:00,2
2528,15172,31,trtransfer,2018-05-04 15:55:12,,508,20:00:00,22:00:00,2
2529,15173,32,trtransfer,2018-05-04 15:55:12,,508,20:00:00,22:00:00,2
2530,15174,4,trtransfer,2018-05-04 15:55:12,,391,18:00:00,20:00:00,2
2531,15175,36,trtransfer,2018-05-04 15:55:12,,511,11:00:00,13:00:00,2
2532,15176,9,trtransfer,2018-05-04 15:55:12,,429,08:00:00,10:00:00,2
2533,15177,5,trtransfer,2018-05-04 15:55:12,,448,12:00:00,14:00:00,2
2534,15178,3,trtransfer,2018-05-04 15:55:12,,441,10:00:00,11:00:00,2
2535,15179,3,trtransfer,2018-05-04 15:55:12,,435,11:00:00,12:00:00,2
2536,15180,33,trtransfer,2018-05-04 15:55:12,,456,15:00:00,17:00:00,2
2537,15181,22,trtransfer,2018-05-04 15:55:12,,452,13:00:00,15:00:00,2
2538,15182,70,trtransfer,2018-05-04 15:55:12,,460,10:00:00,13:00:00,2
2539,15183,22,trtransfer,2018-05-04 15:55:12,,455,18:00:00,20:00:00,2
2540,15184,25,trtransfer,2018-05-04 15:55:12,,455,18:00:00,20:00:00,2
2541,15185,4,trtransfer,2018-05-04 15:55:12,,549,14:00:00,16:00:00,2
2542,15186,4,trtransfer,2018-05-04 15:55:12,,569,08:00:00,10:00:00,2
2543,15187,4,trtransfer,2018-05-04 15:55:12,,569,10:00:00,12:00:00,2
2544,15188,4,trtransfer,2018-05-04 15:55:12,,567,12:00:00,14:00:00,2
2545,15189,17,trtransfer,2018-05-04 15:55:12,,595,15:00:00,17:00:00,2
2546,15190,5,trtransfer,2018-05-04 15:55:12,,351,10:00:00,12:00:00,3
2547,15191,5,trtransfer,2018-05-04 15:55:12,,375,16:00:00,18:00:00,3
2548,15192,7,trtransfer,2018-05-04 15:55:12,,375,16:00:00,18:00:00,3
2549,15193,3,trtransfer,2018-05-04 15:55:12,,371,14:00:00,16:00:00,3
2550,15194,9,trtransfer,2018-05-04 15:55:12,,371,14:00:00,16:00:00,3
2551,15195,10,trtransfer,2018-05-04 15:55:12,,371,14:00:00,16:00:00,3
2552,15196,12,trtransfer,2018-05-04 15:55:12,,371,14:00:00,16:00:00,3
2553,15197,4,trtransfer,2018-05-04 15:55:12,,398,18:00:00,20:00:00,3
2554,15198,7,trtransfer,2018-05-04 15:55:12,,398,18:00:00,20:00:00,3
2555,15199,8,trtransfer,2018-05-04 15:55:12,,398,18:00:00,20:00:00,3
2556,15200,36,trtransfer,2018-05-04 15:55:12,,397,10:00:00,12:00:00,3
2557,15201,33,trtransfer,2018-05-04 15:55:12,,531,12:00:00,14:00:00,3
2558,15202,70,trtransfer,2018-05-04 15:55:12,,460,10:00:00,14:00:00,3
2559,15203,22,trtransfer,2018-05-04 15:55:12,,491,12:00:00,14:00:00,3
2560,15204,25,trtransfer,2018-05-04 15:55:12,,491,12:00:00,14:00:00,3
2561,15205,4,trtransfer,2018-05-04 15:55:12,,556,16:00:00,18:00:00,3
2562,15206,4,trtransfer,2018-05-04 15:55:12,,571,14:00:00,16:00:00,3
2563,15207,3,trtransfer,2018-05-04 15:55:12,,582,12:00:00,14:00:00,3
2564,15208,4,trtransfer,2018-05-04 15:55:12,,582,12:00:00,14:00:00,3
2565,15209,5,trtransfer,2018-05-04 15:55:12,,582,12:00:00,14:00:00,3
2566,15210,6,trtransfer,2018-05-04 15:55:12,,582,12:00:00,14:00:00,3
2567,15211,8,trtransfer,2018-05-04 15:55:12,,582,12:00:00,14:00:00,3
2568,15212,3,trtransfer,2018-05-04 15:55:12,,603,08:00:00,10:00:00,3
2569,15213,4,trtransfer,2018-05-04 15:55:12,,603,08:00:00,10:00:00,3
2570,15214,5,trtransfer,2018-05-04 15:55:12,,603,08:00:00,10:00:00,3
2571,15215,6,trtransfer,2018-05-04 15:55:12,,603,08:00:00,10:00:00,3
2572,15216,6,trtransfer,2018-05-04 15:55:12,,576,14:00:00,16:00:00,3
2573,15217,4,trtransfer,2018-05-04 15:55:12,,534,10:00:00,12:00:00,3
2574,15218,7,trtransfer,2018-05-04 15:55:12,,362,16:00:00,18:00:00,4
2575,15219,35,trtransfer,2018-05-04 15:55:12,,493,11:00:00,12:00:00,4
2576,15220,35,trtransfer,2018-05-04 15:55:12,,493,12:00:00,13:00:00,4
2577,15221,33,trtransfer,2018-05-04 15:55:12,,369,12:00:00,14:00:00,4
2578,15222,32,trtransfer,2018-05-04 15:55:12,,369,12:00:00,14:00:00,4
2579,15223,12,trtransfer,2018-05-04 15:55:12,,394,10:00:00,12:00:00,4
2580,15224,33,trtransfer,2018-05-04 15:55:12,,394,10:00:00,12:00:00,4
2581,15225,4,trtransfer,2018-05-04 15:55:12,,522,16:00:00,18:00:00,4
2582,15226,9,trtransfer,2018-05-04 15:55:12,,526,13:00:00,15:00:00,4
2583,15227,33,trtransfer,2018-05-04 15:55:12,,436,18:00:00,20:00:00,4
2584,15228,4,trtransfer,2018-05-04 15:55:12,,537,20:00:00,22:00:00,4
2585,15229,22,trtransfer,2018-05-04 15:55:12,,539,08:00:00,10:00:00,4
2586,15230,4,trtransfer,2018-05-04 15:55:12,,537,18:00:00,20:00:00,4
2587,15231,7,trtransfer,2018-05-04 15:55:12,,547,10:00:00,12:00:00,4
2588,15232,8,trtransfer,2018-05-04 15:55:12,,585,14:00:00,16:00:00,4
2589,15233,33,trtransfer,2018-05-04 15:55:12,,585,14:00:00,16:00:00,4
2590,15234,6,trtransfer,2018-05-04 15:55:12,,592,16:00:00,18:00:00,4
2591,15235,8,trtransfer,2018-05-04 15:55:12,,579,16:00:00,18:00:00,4
2592,15236,3,trtransfer,2018-05-04 15:55:12,,472,08:00:00,10:00:00,4
2593,15237,4,trtransfer,2018-05-04 15:55:12,,472,08:00:00,10:00:00,4
2594,15238,5,trtransfer,2018-05-04 15:55:12,,472,08:00:00,10:00:00,4
2595,15239,3,trtransfer,2018-05-04 15:55:12,,474,10:00:00,12:00:00,4
2596,15240,4,trtransfer,2018-05-04 15:55:12,,474,10:00:00,12:00:00,4
2597,15241,5,trtransfer,2018-05-04 15:55:12,,474,10:00:00,12:00:00,4
2598,15242,8,trtransfer,2018-05-04 15:55:12,,474,10:00:00,12:00:00,4
2599,15243,4,trtransfer,2018-05-04 15:55:12,,361,16:00:00,18:00:00,5
2600,15244,5,trtransfer,2018-05-04 15:55:12,,361,16:00:00,18:00:00,5
2601,15245,3,trtransfer,2018-05-04 15:55:12,,495,14:00:00,16:00:00,5
2602,15246,4,trtransfer,2018-05-04 15:55:12,,495,14:00:00,16:00:00,5
2603,15247,5,trtransfer,2018-05-04 15:55:12,,495,14:00:00,16:00:00,5
2604,15248,33,trtransfer,2018-05-04 15:55:12,,495,08:00:00,10:00:00,5
2605,15249,36,trtransfer,2018-05-04 15:55:12,,511,13:00:00,15:00:00,5
2606,15250,12,trtransfer,2018-05-04 15:55:12,,387,12:00:00,14:00:00,5
2607,15251,12,trtransfer,2018-05-04 15:55:12,,508,15:00:00,17:00:00,5
2608,15252,4,trtransfer,2018-05-04 15:55:12,,426,10:00:00,12:00:00,5
2609,15253,9,trtransfer,2018-05-04 15:55:12,,419,10:00:00,12:00:00,5
2610,15254,3,trtransfer,2018-05-04 15:55:12,,520,12:00:00,14:00:00,5
2611,15255,9,trtransfer,2018-05-04 15:55:12,,520,12:00:00,14:00:00,5
2612,15256,22,trtransfer,2018-05-04 15:55:12,,540,14:00:00,16:00:00,5
2613,15257,25,trtransfer,2018-05-04 15:55:12,,540,14:00:00,16:00:00,5
2614,15258,33,trtransfer,2018-05-04 15:55:12,,543,16:00:00,18:00:00,5
2615,15259,33,trtransfer,2018-05-04 15:55:12,,549,18:00:00,20:00:00,5
2616,15260,14,trtransfer,2018-05-04 15:55:12,,562,20:00:00,22:00:00,5
2617,15261,18,trtransfer,2018-05-04 15:55:12,,562,20:00:00,22:00:00,5
2618,15262,33,trtransfer,2018-05-04 15:55:12,,562,20:00:00,22:00:00,5
2619,15263,6,trtransfer,2018-05-04 15:55:12,,587,14:00:00,16:00:00,5
2620,15264,7,trtransfer,2018-05-04 15:55:12,,592,12:00:00,14:00:00,5
2621,15265,3,trtransfer,2018-05-04 15:55:12,,598,20:00:00,22:00:00,5
2622,15266,4,trtransfer,2018-05-04 15:55:12,,598,20:00:00,22:00:00,5
2623,15267,5,trtransfer,2018-05-04 15:55:12,,598,20:00:00,22:00:00,5
2624,15268,3,trtransfer,2018-05-04 15:55:12,,580,18:00:00,20:00:00,5
2625,15269,4,trtransfer,2018-05-04 15:55:12,,580,18:00:00,20:00:00,5
2626,15270,5,trtransfer,2018-05-04 15:55:12,,580,18:00:00,20:00:00,5
2627,15271,7,trtransfer,2018-05-04 15:55:12,,580,18:00:00,20:00:00,5
2628,15272,4,trtransfer,2018-05-04 15:55:12,,366,14:00:00,16:00:00,6
2629,15273,4,trtransfer,2018-05-04 15:55:12,,386,16:00:00,18:00:00,6
2630,15274,4,trtransfer,2018-05-04 15:55:12,,548,12:00:00,14:00:00,6
2631,15275,6,trtransfer,2018-05-04 15:55:12,,548,14:00:00,16:00:00,6
2632,15276,4,trtransfer,2018-05-04 15:55:12,,543,10:00:00,12:00:00,6
2633,15277,3,trtransfer,2018-05-04 15:55:12,,467,08:00:00,10:00:00,6
2634,15278,4,trtransfer,2018-05-04 15:55:12,,467,08:00:00,10:00:00,6
2635,15279,5,trtransfer,2018-05-04 15:55:12,,467,08:00:00,10:00:00,6
2636,15280,8,trtransfer,2018-05-04 15:55:12,,467,08:00:00,10:00:00,6
2637,15281,33,trtransfer,2018-05-04 15:55:12,,467,08:00:00,10:00:00,6
2638,15282,32,trtransfer,2018-05-04 15:55:12,,467,08:00:00,10:00:00,6
2639,15283,3,trtransfer,2018-05-04 15:55:12,,354,16:00:00,18:00:00,1
2640,15284,4,trtransfer,2018-05-04 15:55:12,,354,16:00:00,18:00:00,1
2641,15285,5,trtransfer,2018-05-04 15:55:12,,354,16:00:00,18:00:00,1
2642,15286,5,trtransfer,2018-05-04 15:55:12,,359,12:00:00,14:00:00,1
2643,15287,5,trtransfer,2018-05-04 15:55:12,,501,14:00:00,16:00:00,1
2644,15288,4,trtransfer,2018-05-04 15:55:12,,376,14:00:00,16:00:00,1
2645,15289,9,trtransfer,2018-05-04 15:55:12,,419,10:00:00,12:00:00,1
2646,15290,9,trtransfer,2018-05-04 15:55:12,,520,12:00:00,14:00:00,1
2647,15291,16,trtransfer,2018-05-04 15:55:12,,434,10:00:00,13:00:00,1
2648,15292,16,trtransfer,2018-05-04 15:55:12,,434,13:00:00,16:00:00,1
2649,15293,33,trtransfer,2018-05-04 15:55:12,,430,10:00:00,12:00:00,1
2650,15294,70,trtransfer,2018-05-04 15:55:12,,460,09:00:00,12:00:00,1
2651,15295,22,trtransfer,2018-05-04 15:55:12,,535,18:00:00,20:00:00,1
2652,15296,25,trtransfer,2018-05-04 15:55:12,,535,18:00:00,20:00:00,1
2653,15297,4,trtransfer,2018-05-04 15:55:12,,398,12:00:00,14:00:00,1
2654,15298,4,trtransfer,2018-05-04 15:55:12,,566,10:00:00,12:00:00,1
2655,15299,4,trtransfer,2018-05-04 15:55:12,,449,08:00:00,10:00:00,1
2656,15300,8,trtransfer,2018-05-04 15:55:12,,587,18:00:00,20:00:00,1
2657,15301,33,trtransfer,2018-05-04 15:55:12,,587,19:00:00,21:00:00,1
2658,15302,6,trtransfer,2018-05-04 15:55:12,,588,10:00:00,12:00:00,1
2659,15303,7,trtransfer,2018-05-04 15:55:12,,588,10:00:00,12:00:00,1
2660,15304,8,trtransfer,2018-05-04 15:55:12,,588,10:00:00,12:00:00,1
2661,15305,8,trtransfer,2018-05-04 15:55:12,,534,12:00:00,14:00:00,1
2662,15306,6,trtransfer,2018-05-04 15:55:12,,584,12:00:00,14:00:00,1
2663,15307,33,trtransfer,2018-05-04 15:55:12,,585,17:00:00,19:00:00,1
2664,15308,6,trtransfer,2018-05-04 15:55:12,,585,14:00:00,16:00:00,1
2665,15309,6,trtransfer,2018-05-04 15:55:12,,576,18:00:00,20:00:00,1
2666,15310,7,trtransfer,2018-05-04 15:55:12,,358,14:00:00,16:00:00,3
2667,15311,3,trtransfer,2018-05-04 15:55:12,,359,14:00:00,16:00:00,3
2668,15312,5,trtransfer,2018-05-04 15:55:12,,371,14:00:00,16:00:00,3
2669,15313,12,trtransfer,2018-05-04 15:55:12,,371,14:00:00,16:00:00,3
2670,15314,33,trtransfer,2018-05-04 15:55:12,,371,14:00:00,16:00:00,3
2671,15315,12,trtransfer,2018-05-04 15:55:12,,375,16:00:00,18:00:00,3
2672,15316,33,trtransfer,2018-05-04 15:55:12,,375,16:00:00,18:00:00,3
2673,15317,4,trtransfer,2018-05-04 15:55:12,,424,20:00:00,22:00:00,3
2674,15318,3,trtransfer,2018-05-04 15:55:12,,405,18:00:00,20:00:00,3
2675,15319,4,trtransfer,2018-05-04 15:55:12,,405,18:00:00,20:00:00,3
2676,15320,33,trtransfer,2018-05-04 15:55:12,,431,12:00:00,14:00:00,3
2677,15321,10,trtransfer,2018-05-04 15:55:12,,437,11:00:00,13:00:00,3
2678,15322,70,trtransfer,2018-05-04 15:55:12,,460,10:00:00,13:00:00,3
2679,15323,4,trtransfer,2018-05-04 15:55:12,,562,16:00:00,18:00:00,3
2680,15324,4,trtransfer,2018-05-04 15:55:12,,562,14:00:00,16:00:00,3
2681,15325,3,trtransfer,2018-05-04 15:55:12,,579,08:00:00,12:00:00,3
2682,15326,4,trtransfer,2018-05-04 15:55:12,,579,08:00:00,12:00:00,3
2683,15327,5,trtransfer,2018-05-04 15:55:12,,579,08:00:00,12:00:00,3
2684,15328,6,trtransfer,2018-05-04 15:55:12,,579,10:00:00,12:00:00,3
2685,15329,7,trtransfer,2018-05-04 15:55:12,,579,08:00:00,10:00:00,3
2686,15330,8,trtransfer,2018-05-04 15:55:12,,579,10:00:00,12:00:00,3
2687,15331,5,trtransfer,2018-05-04 15:55:12,,597,12:00:00,14:00:00,3
2688,15332,6,trtransfer,2018-05-04 15:55:12,,597,12:00:00,14:00:00,3
2689,15333,8,trtransfer,2018-05-04 15:55:12,,597,12:00:00,14:00:00,3
2690,15334,6,trtransfer,2018-05-04 15:55:12,,598,20:00:00,22:00:00,3
2691,15335,31,trtransfer,2018-05-04 15:55:12,,497,18:00:00,20:00:00,3
2692,15336,5,trtransfer,2018-05-04 15:55:12,,489,14:00:00,16:00:00,4
2693,15337,5,trtransfer,2018-05-04 15:55:12,,500,16:00:00,18:00:00,4
2694,15338,3,trtransfer,2018-05-04 15:55:12,,498,18:00:00,20:00:00,4
2695,15339,32,trtransfer,2018-05-04 15:55:12,,498,18:00:00,20:00:00,4
2696,15340,8,trtransfer,2018-05-04 15:55:12,,386,12:00:00,14:00:00,4
2697,15341,33,trtransfer,2018-05-04 15:55:12,,386,12:00:00,14:00:00,4
2698,15342,5,trtransfer,2018-05-04 15:55:12,,369,18:00:00,20:00:00,4
2699,15343,8,trtransfer,2018-05-04 15:55:12,,369,18:00:00,20:00:00,4
2700,15344,31,trtransfer,2018-05-04 15:55:12,,369,18:00:00,20:00:00,4
2701,15345,3,trtransfer,2018-05-04 15:55:12,,386,14:00:00,16:00:00,4
2702,15346,12,trtransfer,2018-05-04 15:55:12,,386,14:00:00,16:00:00,4
2703,15347,6,trtransfer,2018-05-04 15:55:12,,384,08:00:00,10:00:00,4
2704,15348,8,trtransfer,2018-05-04 15:55:12,,384,08:00:00,10:00:00,4
2705,15349,12,trtransfer,2018-05-04 15:55:12,,384,08:00:00,10:00:00,4
2706,15350,20,trtransfer,2018-05-04 15:55:12,,384,08:00:00,10:00:00,4
2707,15351,22,trtransfer,2018-05-04 15:55:12,,384,08:00:00,10:00:00,4
2708,15352,33,trtransfer,2018-05-04 15:55:12,,436,16:00:00,18:00:00,4
2709,15353,33,trtransfer,2018-05-04 15:55:12,,536,18:00:00,20:00:00,4
2710,15354,4,trtransfer,2018-05-04 15:55:12,,453,18:00:00,20:00:00,4
2711,15355,70,trtransfer,2018-05-04 15:55:12,,460,12:00:00,14:00:00,4
2712,15356,33,trtransfer,2018-05-04 15:55:12,,453,08:00:00,10:00:00,4
2713,15357,14,trtransfer,2018-05-04 15:55:12,,561,14:00:00,17:00:00,4
2714,15358,6,trtransfer,2018-05-04 15:55:12,,594,16:00:00,18:00:00,4
2715,15359,7,trtransfer,2018-05-04 15:55:12,,594,16:00:00,18:00:00,4
2716,15360,4,trtransfer,2018-05-04 15:55:12,,601,16:00:00,18:00:00,4
2717,15361,6,trtransfer,2018-05-04 15:55:12,,594,18:00:00,20:00:00,4
2718,15362,7,trtransfer,2018-05-04 15:55:12,,594,18:00:00,20:00:00,4
2719,15363,3,trtransfer,2018-05-04 15:55:12,,478,08:00:00,10:00:00,4
2720,15364,4,trtransfer,2018-05-04 15:55:12,,478,08:00:00,10:00:00,4
2721,15365,5,trtransfer,2018-05-04 15:55:12,,478,08:00:00,10:00:00,4
2722,15366,7,trtransfer,2018-05-04 15:55:12,,478,08:00:00,10:00:00,4
2723,15367,3,trtransfer,2018-05-04 15:55:12,,479,12:00:00,14:00:00,4
2724,15368,4,trtransfer,2018-05-04 15:55:12,,479,12:00:00,14:00:00,4
2725,15369,5,trtransfer,2018-05-04 15:55:12,,479,12:00:00,14:00:00,4
2726,15370,7,trtransfer,2018-05-04 15:55:12,,479,12:00:00,14:00:00,4
2727,15371,3,trtransfer,2018-05-04 15:55:12,,355,14:00:00,16:00:00,5
2728,15372,4,trtransfer,2018-05-04 15:55:12,,355,14:00:00,16:00:00,5
2729,15373,33,trtransfer,2018-05-04 15:55:12,,491,08:00:00,10:00:00,5
2730,15374,7,trtransfer,2018-05-04 15:55:12,,496,10:00:00,12:00:00,5
2731,15375,4,trtransfer,2018-05-04 15:55:12,,499,16:00:00,18:00:00,5
2732,15376,5,trtransfer,2018-05-04 15:55:12,,391,14:00:00,16:00:00,5
2733,15377,12,trtransfer,2018-05-04 15:55:12,,387,12:00:00,14:00:00,5
2734,15378,8,trtransfer,2018-05-04 15:55:12,,369,10:00:00,12:00:00,5
2735,15379,12,trtransfer,2018-05-04 15:55:12,,369,10:00:00,12:00:00,5
2736,15380,3,trtransfer,2018-05-04 15:55:12,,405,10:00:00,12:00:00,5
2737,15381,4,trtransfer,2018-05-04 15:55:12,,405,10:00:00,12:00:00,5
2738,15382,22,trtransfer,2018-05-04 15:55:12,,455,16:00:00,18:00:00,5
2739,15383,25,trtransfer,2018-05-04 15:55:12,,455,16:00:00,18:00:00,5
2740,15384,5,trtransfer,2018-05-04 15:55:12,,587,18:00:00,20:00:00,5
2741,15385,3,trtransfer,2018-05-04 15:55:12,,587,18:00:00,20:00:00,5
2742,15386,4,trtransfer,2018-05-04 15:55:12,,587,18:00:00,20:00:00,5
2743,15387,6,trtransfer,2018-05-04 15:55:12,,599,12:00:00,14:00:00,5
2744,15388,7,trtransfer,2018-05-04 15:55:12,,599,12:00:00,14:00:00,5
2745,15389,6,trtransfer,2018-05-04 15:55:12,,497,18:00:00,20:00:00,5
2746,15390,3,trtransfer,2018-05-04 15:55:12,,605,08:00:00,10:00:00,5
2747,15391,4,trtransfer,2018-05-04 15:55:12,,605,08:00:00,10:00:00,5
2748,15392,5,trtransfer,2018-05-04 15:55:12,,605,08:00:00,10:00:00,5
2749,15393,7,trtransfer,2018-05-04 15:55:12,,605,08:00:00,10:00:00,5
2750,15394,4,trtransfer,2018-05-04 15:55:12,,561,10:00:00,12:00:00,6
2751,15395,4,trtransfer,2018-05-04 15:55:12,,557,12:00:00,14:00:00,6
2752,15396,3,trtransfer,2018-05-04 15:55:12,,606,08:00:00,10:00:00,6
2753,15397,4,trtransfer,2018-05-04 15:55:12,,606,08:00:00,10:00:00,6
2754,15398,5,trtransfer,2018-05-04 15:55:12,,606,08:00:00,10:00:00,6
2755,15399,32,trtransfer,2018-05-04 15:55:12,,606,08:00:00,10:00:00,6
2756,15400,33,trtransfer,2018-05-04 15:55:12,,489,10:00:00,12:00:00,1
2757,15401,33,trtransfer,2018-05-04 15:55:12,,501,16:00:00,18:00:00,1
2758,15402,3,trtransfer,2018-05-04 15:55:12,,415,16:00:00,18:00:00,1
2759,15403,5,trtransfer,2018-05-04 15:55:12,,415,16:00:00,18:00:00,1
2760,15404,9,trtransfer,2018-05-04 15:55:12,,420,18:00:00,20:00:00,1
2761,15405,3,trtransfer,2018-05-04 15:55:12,,422,20:00:00,22:00:00,1
2762,15406,9,trtransfer,2018-05-04 15:55:12,,426,10:00:00,12:00:00,1
2763,15407,31,trtransfer,2018-05-04 15:55:12,,426,10:00:00,12:00:00,1
2764,15408,55,trtransfer,2018-05-04 15:55:12,,406,09:00:00,15:00:00,1
2765,15409,3,trtransfer,2018-05-04 15:55:12,,422,18:00:00,20:00:00,1
2766,15410,31,trtransfer,2018-05-04 15:55:12,,352,14:00:00,16:00:00,1
2767,15411,10,trtransfer,2018-05-04 15:55:12,,440,20:00:00,22:00:00,1
2768,15412,33,trtransfer,2018-05-04 15:55:12,,448,14:00:00,16:00:00,1
2769,15413,34,trtransfer,2018-05-04 15:55:12,,451,10:00:00,12:00:00,1
2770,15414,70,trtransfer,2018-05-04 15:55:12,,454,12:00:00,14:00:00,1
2771,15415,20,trtransfer,2018-05-04 15:55:12,,544,10:00:00,14:00:00,1
2772,15416,14,trtransfer,2018-05-04 15:55:12,,558,12:00:00,14:00:00,1
2773,15417,18,trtransfer,2018-05-04 15:55:12,,558,12:00:00,14:00:00,1
2774,15418,18,trtransfer,2018-05-04 15:55:12,,558,10:00:00,12:00:00,1
2775,15419,3,trtransfer,2018-05-04 15:55:12,,586,08:00:00,12:00:00,1
2776,15420,4,trtransfer,2018-05-04 15:55:12,,586,08:00:00,12:00:00,1
2777,15421,5,trtransfer,2018-05-04 15:55:12,,586,08:00:00,10:00:00,1
2778,15422,6,trtransfer,2018-05-04 15:55:12,,586,08:00:00,10:00:00,1
2779,15423,7,trtransfer,2018-05-04 15:55:12,,586,08:00:00,10:00:00,1
2780,15424,8,trtransfer,2018-05-04 15:55:12,,586,08:00:00,10:00:00,1
2781,15425,33,trtransfer,2018-05-04 15:55:12,,588,12:00:00,14:00:00,1
2782,15426,6,trtransfer,2018-05-04 15:55:12,,586,14:00:00,16:00:00,1
2783,15427,6,trtransfer,2018-05-04 15:55:12,,599,16:00:00,18:00:00,1
2784,15428,8,trtransfer,2018-05-04 15:55:12,,599,16:00:00,18:00:00,1
2785,15429,6,trtransfer,2018-05-04 15:55:12,,587,10:00:00,12:00:00,1
2786,15430,6,trtransfer,2018-05-04 15:55:12,,579,18:00:00,20:00:00,1
2787,15431,3,trtransfer,2018-05-04 15:55:12,,591,12:00:00,16:00:00,1
2788,15432,4,trtransfer,2018-05-04 15:55:12,,591,12:00:00,16:00:00,1
2789,15433,5,trtransfer,2018-05-04 15:55:12,,591,12:00:00,16:00:00,1
2790,15434,6,trtransfer,2018-05-04 15:55:12,,591,12:00:00,14:00:00,1
2791,15435,5,trtransfer,2018-05-04 15:55:12,,466,18:00:00,20:00:00,1
2792,15436,7,trtransfer,2018-05-04 15:55:12,,466,18:00:00,20:00:00,1
2793,15437,32,trtransfer,2018-05-04 15:55:12,,466,18:00:00,20:00:00,1
2794,15468,33,trtransfer,2018-05-04 16:41:52,,,14:00:00,17:00:00,1
2795,15469,33,trtransfer,2018-05-04 16:41:52,,,08:00:00,11:00:00,1
2796,15470,21,trtransfer,2018-05-04 16:41:52,,,14:00:00,17:00:00,1
2797,15471,5,trtransfer,2018-05-04 16:41:52,,,08:00:00,11:00:00,1
2798,15472,33,trtransfer,2018-05-04 16:41:52,,,17:00:00,20:00:00,1
2799,15473,21,trtransfer,2018-05-04 16:41:52,,,11:00:00,14:00:00,1
2800,15474,21,trtransfer,2018-05-04 16:41:52,,,17:00:00,20:00:00,1
2801,15475,3,trtransfer,2018-05-04 16:41:52,,,18:00:00,21:00:00,1
2802,15476,12,trtransfer,2018-05-04 16:41:52,,,14:00:00,17:00:00,1
2803,15477,5,trtransfer,2018-05-04 16:41:52,,,14:00:00,17:00:00,1
2804,15478,11,trtransfer,2018-05-04 16:41:52,,,12:00:00,15:00:00,1
2805,15479,11,trtransfer,2018-05-04 16:41:52,,,15:00:00,18:00:00,1
2806,15480,12,trtransfer,2018-05-04 16:41:52,,,11:00:00,14:00:00,1
2807,15481,12,trtransfer,2018-05-04 16:41:52,,,08:00:00,11:00:00,1
2808,15482,31,trtransfer,2018-05-04 16:41:52,,,15:00:00,18:00:00,1
2809,15483,55,trtransfer,2018-05-04 16:41:52,,,12:00:00,15:00:00,1
2810,15484,22,trtransfer,2018-05-04 16:41:52,,,14:00:00,17:00:00,1
2811,15485,15,trtransfer,2018-05-04 16:41:52,,,11:00:00,14:00:00,1
2812,15486,9,trtransfer,2018-05-04 16:41:52,,,10:00:00,13:00:00,1
2813,15487,9,trtransfer,2018-05-04 16:41:52,,,13:00:00,16:00:00,1
2814,15488,19,trtransfer,2018-05-04 16:41:52,,,10:00:00,13:00:00,1
2815,15489,31,trtransfer,2018-05-04 16:41:52,,,09:00:00,12:00:00,1
2816,15490,31,trtransfer,2018-05-04 16:41:52,,,18:00:00,21:00:00,1
2817,15491,27,trtransfer,2018-05-04 16:41:52,,,12:00:00,15:00:00,1
2818,15492,27,trtransfer,2018-05-04 16:41:52,,,09:00:00,12:00:00,1
2819,15493,31,trtransfer,2018-05-04 16:41:52,,,12:00:00,15:00:00,1
2820,15494,55,trtransfer,2018-05-04 16:41:52,,,09:00:00,12:00:00,1
2821,15495,36,trtransfer,2018-05-04 16:41:52,,,16:00:00,20:00:00,1
2822,15496,16,trtransfer,2018-05-04 16:41:52,,,14:00:00,17:00:00,1
2823,15497,10,trtransfer,2018-05-04 16:41:52,,,17:00:00,20:00:00,1
2824,15498,30,trtransfer,2018-05-04 16:41:52,,,14:00:00,17:00:00,1
2825,15499,30,trtransfer,2018-05-04 16:41:52,,,09:00:00,12:00:00,1
2826,15500,16,trtransfer,2018-05-04 16:41:52,,,11:00:00,14:00:00,1
2827,15501,30,trtransfer,2018-05-04 16:41:52,,,17:00:00,22:00:00,1
2828,15502,10,trtransfer,2018-05-04 16:41:52,,,14:00:00,17:00:00,1
2829,15503,33,trtransfer,2018-05-04 16:41:52,,,11:00:00,14:00:00,1
2830,15504,16,trtransfer,2018-05-04 16:41:52,,,20:00:00,22:00:00,1
2831,15505,22,trtransfer,2018-05-04 16:41:52,,,08:00:00,11:00:00,1
2832,15506,22,trtransfer,2018-05-04 16:41:52,,,17:00:00,20:00:00,1
2833,15507,5,trtransfer,2018-05-04 16:41:52,,,11:00:00,14:00:00,1
2834,15508,22,trtransfer,2018-05-04 16:41:52,,,11:00:00,14:00:00,1
2835,15509,25,trtransfer,2018-05-04 16:41:52,,,11:00:00,14:00:00,1
2836,15510,25,trtransfer,2018-05-04 16:41:52,,,17:00:00,20:00:00,1
2837,15511,34,trtransfer,2018-05-04 16:41:52,,,17:00:00,20:00:00,1
2838,15512,20,trtransfer,2018-05-04 16:41:52,,,08:00:00,11:00:00,1
2839,15513,20,trtransfer,2018-05-04 16:41:52,,,11:00:00,14:00:00,1
2840,15514,20,trtransfer,2018-05-04 16:41:52,,,14:00:00,17:00:00,1
2841,15515,20,trtransfer,2018-05-04 16:41:52,,,17:00:00,20:00:00,1
2842,15516,23,trtransfer,2018-05-04 16:41:52,,,14:00:00,17:00:00,1
2843,15517,14,trtransfer,2018-05-04 16:41:52,,,18:00:00,15:00:00,1
2844,15518,14,trtransfer,2018-05-04 16:41:52,,,12:00:00,15:00:00,1
2845,15519,14,trtransfer,2018-05-04 16:41:52,,,09:00:00,12:00:00,1
2846,15520,18,trtransfer,2018-05-04 16:41:52,,,18:00:00,21:00:00,1
2847,15521,14,trtransfer,2018-05-04 16:41:52,,,15:00:00,18:00:00,1
2848,15522,18,trtransfer,2018-05-04 16:41:52,,,15:00:00,18:00:00,1
2849,15523,18,trtransfer,2018-05-04 16:41:52,,,09:00:00,12:00:00,1
2850,15524,27,trtransfer,2018-05-04 16:41:52,,,15:00:00,18:00:00,1
2851,15525,4,trtransfer,2018-05-04 16:41:52,,,16:00:00,18:00:00,1
2852,15526,6,trtransfer,2018-05-04 16:41:52,,,16:00:00,18:00:00,1
2853,15527,13,trtransfer,2018-05-04 16:41:52,,,18:00:00,20:00:00,1
2854,15528,6,trtransfer,2018-05-04 16:41:52,,,08:00:00,10:00:00,1
2855,15529,3,trtransfer,2018-05-04 16:41:52,,,10:00:00,12:00:00,1
2856,15530,6,trtransfer,2018-05-04 16:41:52,,,14:00:00,16:00:00,1
2857,15531,17,trtransfer,2018-05-04 16:41:52,,,13:00:00,16:00:00,1
2858,15532,8,trtransfer,2018-05-04 16:41:52,,,18:00:00,20:00:00,1
2859,15533,3,trtransfer,2018-05-04 16:41:52,,,12:00:00,14:00:00,1
2860,15534,24,trtransfer,2018-05-04 16:41:52,,,14:00:00,17:00:00,1
2861,15535,4,trtransfer,2018-05-04 16:41:52,,,08:00:00,10:00:00,1
2862,15536,6,trtransfer,2018-05-04 16:41:52,,,10:00:00,12:00:00,1
2863,15537,8,trtransfer,2018-05-04 16:41:52,,,20:00:00,22:00:00,1
2864,15538,0,trtransfer,2018-05-04 16:41:52,,,12:00:00,14:00:00,1
2865,15539,4,trtransfer,2018-05-04 16:41:52,,,20:00:00,22:00:00,1
2866,15540,4,trtransfer,2018-05-04 16:41:52,,,18:00:00,20:00:00,1
2867,15541,8,trtransfer,2018-05-04 16:41:52,,,16:00:00,16:00:00,1
2868,15542,0,trtransfer,2018-05-04 16:41:52,,,08:00:00,11:00:00,1
2869,15543,3,trtransfer,2018-05-04 16:41:52,,,14:00:00,16:00:00,1
2870,15544,7,trtransfer,2018-05-04 16:41:52,,,16:00:00,18:00:00,1
2871,15545,7,trtransfer,2018-05-04 16:41:52,,,12:00:00,14:00:00,1
2872,15546,3,trtransfer,2018-05-04 16:41:52,,,11:00:00,14:00:00,5
2873,15547,15,trtransfer,2018-05-04 16:41:52,,,14:00:00,14:00:00,5
2874,15548,3,trtransfer,2018-05-04 16:41:52,,,08:00:00,11:00:00,5
2875,15549,10,trtransfer,2018-05-04 16:41:52,,,11:00:00,14:00:00,5
2876,15550,16,trtransfer,2018-05-04 16:41:52,,,14:00:00,17:00:00,5
2877,15551,21,trtransfer,2018-05-04 16:41:52,,,14:00:00,17:00:00,5
2878,15552,57,trtransfer,2018-05-04 16:41:52,,,12:00:00,13:00:00,5
2879,15553,11,trtransfer,2018-05-04 16:41:52,,,14:00:00,17:00:00,5
2880,15554,12,trtransfer,2018-05-04 16:41:52,,,08:00:00,11:00:00,5
2881,15555,5,trtransfer,2018-05-04 16:41:52,,,10:00:00,13:00:00,5
2882,15556,5,trtransfer,2018-05-04 16:41:52,,,15:00:00,18:00:00,5
2883,15557,36,trtransfer,2018-05-04 16:41:52,,,13:00:00,16:00:00,5
2884,15558,11,trtransfer,2018-05-04 16:41:52,,,17:00:00,20:00:00,5
2885,15559,33,trtransfer,2018-05-04 16:41:52,,,11:00:00,14:00:00,5
2886,15560,55,trtransfer,2018-05-04 16:41:52,,,12:00:00,15:00:00,5
2887,15561,19,trtransfer,2018-05-04 16:41:52,,,09:00:00,12:00:00,5
2888,15562,27,trtransfer,2018-05-04 16:41:52,,,11:00:00,14:00:00,5
2889,15563,9,trtransfer,2018-05-04 16:41:52,,,15:00:00,18:00:00,5
2890,15564,33,trtransfer,2018-05-04 16:41:52,,,14:00:00,17:00:00,5
2891,15565,26,trtransfer,2018-05-04 16:41:52,,,11:00:00,14:00:00,5
2892,15566,26,trtransfer,2018-05-04 16:41:52,,,08:00:00,11:00:00,5
2893,15567,9,trtransfer,2018-05-04 16:41:52,,,12:00:00,15:00:00,5
2894,15568,55,trtransfer,2018-05-04 16:41:52,,,09:00:00,12:00:00,5
2895,15569,10,trtransfer,2018-05-04 16:41:52,,,15:00:00,18:00:00,5
2896,15570,30,trtransfer,2018-05-04 16:41:52,,,09:00:00,12:00:00,5
2897,15571,16,trtransfer,2018-05-04 16:41:52,,,17:00:00,20:00:00,5
2898,15572,16,trtransfer,2018-05-04 16:41:52,,,09:00:00,12:00:00,5
2899,15573,22,trtransfer,2018-05-04 16:41:52,,,14:00:00,17:00:00,5
2900,15574,22,trtransfer,2018-05-04 16:41:52,,,11:00:00,14:00:00,5
2901,15575,20,trtransfer,2018-05-04 16:41:52,,,11:00:00,14:00:00,5
2902,15576,20,trtransfer,2018-05-04 16:41:52,,,08:00:00,11:00:00,5
2903,15577,31,trtransfer,2018-05-04 16:41:52,,,14:00:00,17:00:00,5
2904,15578,32,trtransfer,2018-05-04 16:41:52,,,17:00:00,20:00:00,5
2905,15579,14,trtransfer,2018-05-04 16:41:52,,,09:00:00,12:00:00,5
2906,15580,14,trtransfer,2018-05-04 16:41:52,,,15:00:00,18:00:00,5
2907,15581,18,trtransfer,2018-05-04 16:41:52,,,12:00:00,15:00:00,5
2908,15582,18,trtransfer,2018-05-04 16:41:52,,,15:00:00,18:00:00,5
2909,15583,14,trtransfer,2018-05-04 16:41:52,,,18:00:00,21:00:00,5
2910,15584,5,trtransfer,2018-05-04 16:41:52,,,18:00:00,20:00:00,5
2911,15585,6,trtransfer,2018-05-04 16:41:52,,,18:00:00,20:00:00,5
2912,15586,8,trtransfer,2018-05-04 16:41:52,,,16:00:00,18:00:00,5
2913,15587,7,trtransfer,2018-05-04 16:41:52,,,18:00:00,20:00:00,5
2914,15588,17,trtransfer,2018-05-04 16:41:52,,,12:00:00,14:00:00,5
2915,15589,6,trtransfer,2018-05-04 16:41:52,,,14:00:00,17:00:00,5
2916,15590,6,trtransfer,2018-05-04 16:41:52,,,10:00:00,12:00:00,5
2917,15591,4,trtransfer,2018-05-04 16:41:52,,,16:00:00,18:00:00,5
2918,15592,5,trtransfer,2018-05-04 16:41:52,,,13:00:00,15:00:00,5
2919,15593,6,trtransfer,2018-05-04 16:41:52,,,12:00:00,14:00:00,5
2920,15594,6,trtransfer,2018-05-04 16:41:52,,,08:00:00,10:00:00,5
2921,15595,3,trtransfer,2018-05-04 16:41:52,,,18:00:00,20:00:00,5
2922,15596,17,trtransfer,2018-05-04 16:41:52,,,08:00:00,11:00:00,5
2923,15597,18,trtransfer,2018-05-04 16:41:52,,,18:00:00,21:00:00,5
2924,15598,31,trtransfer,2018-05-04 16:41:52,,,12:00:00,14:00:00,5
2925,15599,32,trtransfer,2018-05-04 16:41:52,,,14:00:00,16:00:00,5
2926,15600,33,trtransfer,2018-05-04 16:41:52,,,08:00:00,11:00:00,4
2927,15601,11,trtransfer,2018-05-04 16:41:52,,,11:00:00,14:00:00,4
2928,15602,35,trtransfer,2018-05-04 16:41:52,,,14:00:00,17:00:00,4
2929,15603,21,trtransfer,2018-05-04 16:41:52,,,11:00:00,14:00:00,4
2930,15604,15,trtransfer,2018-05-04 16:41:52,,,11:00:00,14:00:00,4
2931,15605,13,trtransfer,2018-05-04 16:41:52,,,14:00:00,17:00:00,4
2932,15606,3,trtransfer,2018-05-04 16:41:52,,,08:00:00,11:00:00,4
2933,15607,15,trtransfer,2018-05-04 16:41:52,,,14:00:00,17:00:00,4
2934,15608,12,trtransfer,2018-05-04 16:41:52,,,08:00:00,11:00:00,4
2935,15609,6,trtransfer,2018-05-04 16:41:52,,,18:00:00,21:00:00,4
2936,15610,33,trtransfer,2018-05-04 16:41:52,,,11:00:00,14:00:00,4
2937,15611,11,trtransfer,2018-05-04 16:41:52,,,17:00:00,20:00:00,4
2938,15612,12,trtransfer,2018-05-04 16:41:52,,,18:00:00,21:00:00,4
2939,15613,11,trtransfer,2018-05-04 16:41:52,,,14:00:00,17:00:00,4
2940,15614,12,trtransfer,2018-05-04 16:41:52,,,11:00:00,14:00:00,4
2941,15615,3,trtransfer,2018-05-04 16:41:52,,,11:00:00,14:00:00,4
2942,15616,18,trtransfer,2018-05-04 16:41:52,,,15:00:00,18:00:00,4
2943,15617,11,trtransfer,2018-05-04 16:41:52,,,08:00:00,11:00:00,4
2944,15618,26,trtransfer,2018-05-04 16:41:52,,,10:00:00,13:00:00,4
2945,15619,55,trtransfer,2018-05-04 16:41:52,,,11:00:00,14:00:00,4
2946,15620,31,trtransfer,2018-05-04 16:41:52,,,17:00:00,20:00:00,4
2947,15621,19,trtransfer,2018-05-04 16:41:52,,,12:00:00,15:00:00,4
2948,15622,9,trtransfer,2018-05-04 16:41:52,,,13:00:00,12:00:00,4
2949,15623,9,trtransfer,2018-05-04 16:41:52,,,16:00:00,18:00:00,4
2950,15624,8,trtransfer,2018-05-04 16:41:52,,,09:00:00,12:00:00,4
2951,15625,27,trtransfer,2018-05-04 16:41:52,,,12:00:00,15:00:00,4
2952,15626,27,trtransfer,2018-05-04 16:41:52,,,15:00:00,18:00:00,4
2953,15627,31,trtransfer,2018-05-04 16:41:52,,,12:00:00,15:00:00,4
2954,15628,10,trtransfer,2018-05-04 16:41:52,,,11:00:00,14:00:00,4
2955,15629,10,trtransfer,2018-05-04 16:41:52,,,17:00:00,20:00:00,4
2956,15630,16,trtransfer,2018-05-04 16:41:52,,,10:00:00,14:00:00,4
2957,15631,12,trtransfer,2018-05-04 16:41:52,,,14:00:00,17:00:00,4
2958,15632,10,trtransfer,2018-05-04 16:41:52,,,14:00:00,17:00:00,4
2959,15633,30,trtransfer,2018-05-04 16:41:52,,,09:00:00,12:00:00,4
2960,15634,24,trtransfer,2018-05-04 16:41:52,,,11:00:00,14:00:00,4
2961,15635,30,trtransfer,2018-05-04 16:41:52,,,17:00:00,20:00:00,4
2962,15636,22,trtransfer,2018-05-04 16:41:52,,,14:00:00,17:00:00,4
2963,15637,5,trtransfer,2018-05-04 16:41:52,,,11:00:00,14:00:00,4
2964,15638,68,trtransfer,2018-05-04 16:41:52,,,17:00:00,20:00:00,4
2965,15639,22,trtransfer,2018-05-04 16:41:52,,,17:00:00,20:00:00,4
2966,15640,68,trtransfer,2018-05-04 16:41:52,,,11:00:00,14:00:00,4
2967,15641,68,trtransfer,2018-05-04 16:41:52,,,14:00:00,17:00:00,4
2968,15642,20,trtransfer,2018-05-04 16:41:52,,,08:00:00,11:00:00,4
2969,15643,20,trtransfer,2018-05-04 16:41:52,,,11:00:00,14:00:00,4
2970,15644,20,trtransfer,2018-05-04 16:41:52,,,14:00:00,17:00:00,4
2971,15645,23,trtransfer,2018-05-04 16:41:52,,,11:00:00,14:00:00,4
2972,15646,25,trtransfer,2018-05-04 16:41:52,,,14:00:00,17:00:00,4
2973,15647,20,trtransfer,2018-05-04 16:41:52,,,18:00:00,21:00:00,4
2974,15648,25,trtransfer,2018-05-04 16:41:52,,,11:00:00,14:00:00,4
2975,15649,5,trtransfer,2018-05-04 16:41:52,,,14:00:00,17:00:00,4
2976,15650,18,trtransfer,2018-05-04 16:41:52,,,11:00:00,14:00:00,4
2977,15651,17,trtransfer,2018-05-04 16:41:52,,,09:00:00,12:00:00,4
2978,15652,14,trtransfer,2018-05-04 16:41:52,,,12:00:00,15:00:00,4
2979,15653,14,trtransfer,2018-05-04 16:41:52,,,15:00:00,18:00:00,4
2980,15654,18,trtransfer,2018-05-04 16:41:52,,,18:00:00,21:00:00,4
2981,15655,9,trtransfer,2018-05-04 16:41:52,,,18:00:00,21:00:00,4
2982,15656,27,trtransfer,2018-05-04 16:41:52,,,09:00:00,12:00:00,4
2983,15657,4,trtransfer,2018-05-04 16:41:52,,,16:00:00,18:00:00,4
2984,15658,6,trtransfer,2018-05-04 16:41:52,,,11:00:00,14:00:00,4
2985,15659,6,trtransfer,2018-05-04 16:41:52,,,14:00:00,16:00:00,4
2986,15660,6,trtransfer,2018-05-04 16:41:52,,,08:00:00,15:00:00,4
2987,15661,33,trtransfer,2018-05-04 16:41:52,,,14:00:00,16:00:00,4
2988,15662,4,trtransfer,2018-05-04 16:41:52,,,10:00:00,12:00:00,4
2989,15663,26,trtransfer,2018-05-04 16:41:52,,,14:00:00,16:00:00,4
2990,15664,0,trtransfer,2018-05-04 16:41:52,,,12:00:00,14:00:00,4
2991,15665,31,trtransfer,2018-05-04 16:41:52,,,10:00:00,12:00:00,4
2992,15666,0,trtransfer,2018-05-04 16:41:52,,,14:00:00,16:00:00,4
2993,15667,6,trtransfer,2018-05-04 16:41:52,,,16:00:00,18:00:00,4
2994,15668,22,trtransfer,2018-05-04 16:41:52,,,12:00:00,14:00:00,4
2995,15669,4,trtransfer,2018-05-04 16:41:52,,,14:00:00,16:00:00,4
2996,15670,7,trtransfer,2018-05-04 16:41:52,,,08:00:00,10:00:00,4
2997,15671,7,trtransfer,2018-05-04 16:41:52,,,14:00:00,16:00:00,4
2998,15672,33,trtransfer,2018-05-04 16:41:52,,,08:00:00,11:00:00,3
2999,15673,11,trtransfer,2018-05-04 16:41:52,,,11:00:00,14:00:00,3
3000,15674,35,trtransfer,2018-05-04 16:41:52,,,14:00:00,17:00:00,3
3001,15675,21,trtransfer,2018-05-04 16:41:52,,,11:00:00,14:00:00,3
3002,15676,15,trtransfer,2018-05-04 16:41:52,,,11:00:00,14:00:00,3
3003,15677,13,trtransfer,2018-05-04 16:41:52,,,14:00:00,17:00:00,3
3004,15678,3,trtransfer,2018-05-04 16:41:52,,,08:00:00,11:00:00,3
3005,15679,15,trtransfer,2018-05-04 16:41:52,,,14:00:00,17:00:00,3
3006,15680,12,trtransfer,2018-05-04 16:41:52,,,08:00:00,11:00:00,3
3007,15681,6,trtransfer,2018-05-04 16:41:52,,,18:00:00,21:00:00,3
3008,15682,33,trtransfer,2018-05-04 16:41:52,,,11:00:00,14:00:00,3
3009,15683,11,trtransfer,2018-05-04 16:41:52,,,17:00:00,20:00:00,3
3010,15684,12,trtransfer,2018-05-04 16:41:52,,,18:00:00,21:00:00,3
3011,15685,11,trtransfer,2018-05-04 16:41:52,,,14:00:00,17:00:00,3
3012,15686,12,trtransfer,2018-05-04 16:41:52,,,11:00:00,14:00:00,3
3013,15687,3,trtransfer,2018-05-04 16:41:52,,,11:00:00,14:00:00,3
3014,15688,18,trtransfer,2018-05-04 16:41:52,,,15:00:00,18:00:00,3
3015,15689,11,trtransfer,2018-05-04 16:41:52,,,08:00:00,11:00:00,3
3016,15690,26,trtransfer,2018-05-04 16:41:52,,,10:00:00,13:00:00,3
3017,15691,55,trtransfer,2018-05-04 16:41:52,,,11:00:00,14:00:00,3
3018,15692,31,trtransfer,2018-05-04 16:41:52,,,17:00:00,20:00:00,3
3019,15693,19,trtransfer,2018-05-04 16:41:52,,,12:00:00,15:00:00,3
3020,15694,9,trtransfer,2018-05-04 16:41:52,,,13:00:00,12:00:00,3
3021,15695,9,trtransfer,2018-05-04 16:41:52,,,16:00:00,18:00:00,3
3022,15696,8,trtransfer,2018-05-04 16:41:52,,,09:00:00,12:00:00,3
3023,15697,27,trtransfer,2018-05-04 16:41:52,,,12:00:00,15:00:00,3
3024,15698,27,trtransfer,2018-05-04 16:41:52,,,15:00:00,18:00:00,3
3025,15699,31,trtransfer,2018-05-04 16:41:52,,,12:00:00,15:00:00,3
3026,15700,10,trtransfer,2018-05-04 16:41:52,,,11:00:00,14:00:00,3
3027,15701,10,trtransfer,2018-05-04 16:41:52,,,17:00:00,20:00:00,3
3028,15702,16,trtransfer,2018-05-04 16:41:52,,,10:00:00,14:00:00,3
3029,15703,12,trtransfer,2018-05-04 16:41:52,,,14:00:00,17:00:00,3
3030,15704,10,trtransfer,2018-05-04 16:41:52,,,14:00:00,17:00:00,3
3031,15705,30,trtransfer,2018-05-04 16:41:52,,,09:00:00,12:00:00,3
3032,15706,24,trtransfer,2018-05-04 16:41:52,,,11:00:00,14:00:00,3
3033,15707,30,trtransfer,2018-05-04 16:41:52,,,17:00:00,20:00:00,3
3034,15708,22,trtransfer,2018-05-04 16:41:52,,,14:00:00,17:00:00,3
3035,15709,5,trtransfer,2018-05-04 16:41:52,,,11:00:00,14:00:00,3
3036,15710,68,trtransfer,2018-05-04 16:41:52,,,17:00:00,20:00:00,3
3037,15711,22,trtransfer,2018-05-04 16:41:52,,,17:00:00,20:00:00,3
3038,15712,68,trtransfer,2018-05-04 16:41:52,,,11:00:00,14:00:00,3
3039,15713,68,trtransfer,2018-05-04 16:41:52,,,14:00:00,17:00:00,3
3040,15714,20,trtransfer,2018-05-04 16:41:52,,,08:00:00,11:00:00,3
3041,15715,20,trtransfer,2018-05-04 16:41:52,,,11:00:00,14:00:00,3
3042,15716,20,trtransfer,2018-05-04 16:41:52,,,14:00:00,17:00:00,3
3043,15717,23,trtransfer,2018-05-04 16:41:52,,,11:00:00,14:00:00,3
3044,15718,25,trtransfer,2018-05-04 16:41:52,,,14:00:00,17:00:00,3
3045,15719,20,trtransfer,2018-05-04 16:41:52,,,18:00:00,21:00:00,3
3046,15720,25,trtransfer,2018-05-04 16:41:52,,,11:00:00,14:00:00,3
3047,15721,5,trtransfer,2018-05-04 16:41:52,,,14:00:00,17:00:00,3
3048,15722,18,trtransfer,2018-05-04 16:41:52,,,11:00:00,14:00:00,3
3049,15723,17,trtransfer,2018-05-04 16:41:52,,,09:00:00,12:00:00,3
3050,15724,14,trtransfer,2018-05-04 16:41:52,,,12:00:00,15:00:00,3
3051,15725,14,trtransfer,2018-05-04 16:41:52,,,15:00:00,18:00:00,3
3052,15726,18,trtransfer,2018-05-04 16:41:52,,,18:00:00,21:00:00,3
3053,15727,9,trtransfer,2018-05-04 16:41:52,,,18:00:00,21:00:00,3
3054,15728,27,trtransfer,2018-05-04 16:41:52,,,09:00:00,12:00:00,3
3055,15729,4,trtransfer,2018-05-04 16:41:52,,,16:00:00,18:00:00,3
3056,15730,6,trtransfer,2018-05-04 16:41:52,,,11:00:00,14:00:00,3
3057,15731,6,trtransfer,2018-05-04 16:41:52,,,14:00:00,16:00:00,3
3058,15732,6,trtransfer,2018-05-04 16:41:52,,,08:00:00,15:00:00,3
3059,15733,33,trtransfer,2018-05-04 16:41:52,,,14:00:00,16:00:00,3
3060,15734,4,trtransfer,2018-05-04 16:41:52,,,10:00:00,12:00:00,3
3061,15735,26,trtransfer,2018-05-04 16:41:52,,,14:00:00,16:00:00,3
3062,15736,0,trtransfer,2018-05-04 16:41:52,,,12:00:00,14:00:00,3
3063,15737,31,trtransfer,2018-05-04 16:41:52,,,10:00:00,12:00:00,3
3064,15738,0,trtransfer,2018-05-04 16:41:52,,,14:00:00,16:00:00,3
3065,15739,6,trtransfer,2018-05-04 16:41:52,,,16:00:00,18:00:00,3
3066,15740,22,trtransfer,2018-05-04 16:41:52,,,12:00:00,14:00:00,3
3067,15741,4,trtransfer,2018-05-04 16:41:52,,,14:00:00,16:00:00,3
3068,15742,7,trtransfer,2018-05-04 16:41:52,,,08:00:00,10:00:00,3
3069,15743,7,trtransfer,2018-05-04 16:41:52,,,14:00:00,16:00:00,3
3070,15744,6,trtransfer,2018-05-04 16:41:52,,,12:00:00,14:00:00,2
3071,15745,11,trtransfer,2018-05-04 16:41:52,,,11:00:00,14:00:00,2
3072,15746,4,trtransfer,2018-05-04 16:41:52,,,08:00:00,11:00:00,2
3073,15747,19,trtransfer,2018-05-04 16:41:52,,,17:00:00,20:00:00,2
3074,15748,11,trtransfer,2018-05-04 16:41:52,,,14:00:00,16:00:00,2
3075,15749,22,trtransfer,2018-05-04 16:41:52,,,08:00:00,11:00:00,2
3076,15750,21,trtransfer,2018-05-04 16:41:52,,,11:00:00,14:00:00,2
3077,15751,35,trtransfer,2018-05-04 16:41:52,,,14:00:00,17:00:00,2
3078,15752,21,trtransfer,2018-05-04 16:41:52,,,14:00:00,17:00:00,2
3079,15753,12,trtransfer,2018-05-04 16:41:52,,,12:00:00,15:00:00,2
3080,15754,4,trtransfer,2018-05-04 16:41:52,,,11:00:00,14:00:00,2
3081,15755,3,trtransfer,2018-05-04 16:41:52,,,08:00:00,11:00:00,2
3082,15756,57,trtransfer,2018-05-04 16:41:52,,,09:00:00,12:00:00,2
3083,15757,12,trtransfer,2018-05-04 16:41:52,,,08:00:00,11:00:00,2
3084,15758,36,trtransfer,2018-05-04 16:41:52,,,14:00:00,15:00:00,2
3085,15759,3,trtransfer,2018-05-04 16:41:52,,,11:00:00,14:00:00,2
3086,15760,12,trtransfer,2018-05-04 16:41:52,,,18:00:00,21:00:00,2
3087,15761,49,trtransfer,2018-05-04 16:41:52,,,09:00:00,12:00:00,2
3088,15762,12,trtransfer,2018-05-04 16:41:52,,,15:00:00,18:00:00,2
3089,15763,19,trtransfer,2018-05-04 16:41:52,,,11:00:00,14:00:00,2
3090,15764,26,trtransfer,2018-05-04 16:41:52,,,11:00:00,14:00:00,2
3091,15765,55,trtransfer,2018-05-04 16:41:52,,,09:00:00,12:00:00,2
3092,15766,31,trtransfer,2018-05-04 16:41:52,,,11:00:00,14:00:00,2
3093,15767,27,trtransfer,2018-05-04 16:41:52,,,09:00:00,12:00:00,2
3094,15768,9,trtransfer,2018-05-04 16:41:52,,,17:00:00,20:00:00,2
3095,15769,19,trtransfer,2018-05-04 16:41:52,,,14:00:00,17:00:00,2
3096,15770,31,trtransfer,2018-05-04 16:41:52,,,08:00:00,11:00:00,2
3097,15771,55,trtransfer,2018-05-04 16:41:52,,,12:00:00,15:00:00,2
3098,15772,9,trtransfer,2018-05-04 16:41:52,,,09:00:00,12:00:00,2
3099,15773,27,trtransfer,2018-05-04 16:41:52,,,12:00:00,15:00:00,2
3100,15774,10,trtransfer,2018-05-04 16:41:52,,,09:00:00,12:00:00,2
3101,15775,36,trtransfer,2018-05-04 16:41:52,,,10:00:00,14:00:00,2
3102,15776,10,trtransfer,2018-05-04 16:41:52,,,15:00:00,18:00:00,2
3103,15777,10,trtransfer,2018-05-04 16:41:52,,,12:00:00,15:00:00,2
3104,15778,24,trtransfer,2018-05-04 16:41:52,,,11:00:00,17:00:00,2
3105,15779,30,trtransfer,2018-05-04 16:41:52,,,14:00:00,17:00:00,2
3106,15780,16,trtransfer,2018-05-04 16:41:52,,,10:00:00,13:00:00,2
3107,15781,5,trtransfer,2018-05-04 16:41:52,,,17:00:00,20:00:00,2
3108,15782,30,trtransfer,2018-05-04 16:41:52,,,20:00:00,22:00:00,2
3109,15783,30,trtransfer,2018-05-04 16:41:52,,,17:00:00,20:00:00,2
3110,15784,16,trtransfer,2018-05-04 16:41:52,,,13:00:00,16:00:00,2
3111,15785,22,trtransfer,2018-05-04 16:41:52,,,11:00:00,14:00:00,2
3112,15786,25,trtransfer,2018-05-04 16:41:52,,,17:00:00,20:00:00,2
3113,15787,25,trtransfer,2018-05-04 16:41:52,,,11:00:00,14:00:00,2
3114,15788,25,trtransfer,2018-05-04 16:41:52,,,14:00:00,17:00:00,2
3115,15789,22,trtransfer,2018-05-04 16:41:52,,,17:00:00,20:00:00,2
3116,15790,22,trtransfer,2018-05-04 16:41:52,,,14:00:00,17:00:00,2
3117,15791,5,trtransfer,2018-05-04 16:41:52,,,08:00:00,11:00:00,2
3118,15792,5,trtransfer,2018-05-04 16:41:52,,,14:00:00,17:00:00,2
3119,15793,20,trtransfer,2018-05-04 16:41:52,,,11:00:00,14:00:00,2
3120,15794,23,trtransfer,2018-05-04 16:41:52,,,17:00:00,20:00:00,2
3121,15795,20,trtransfer,2018-05-04 16:41:52,,,08:00:00,11:00:00,2
3122,15796,20,trtransfer,2018-05-04 16:41:52,,,17:00:00,20:00:00,2
3123,15797,20,trtransfer,2018-05-04 16:41:52,,,14:00:00,17:00:00,2
3124,15798,23,trtransfer,2018-05-04 16:41:52,,,12:00:00,15:00:00,2
3125,15799,23,trtransfer,2018-05-04 16:41:52,,,10:00:00,12:00:00,2
3126,15800,17,trtransfer,2018-05-04 16:41:52,,,14:00:00,16:00:00,2
3127,15801,5,trtransfer,2018-05-04 16:41:52,,,11:00:00,14:00:00,2
3128,15802,18,trtransfer,2018-05-04 16:41:52,,,09:00:00,12:00:00,2
3129,15803,14,trtransfer,2018-05-04 16:41:52,,,09:00:00,12:00:00,2
3130,15804,14,trtransfer,2018-05-04 16:41:52,,,12:00:00,15:00:00,2
3131,15805,33,trtransfer,2018-05-04 16:41:52,,,14:00:00,17:00:00,2
3132,15806,11,trtransfer,2018-05-04 16:41:52,,,08:00:00,21:00:00,2
3133,15807,18,trtransfer,2018-05-04 16:41:52,,,15:00:00,18:00:00,2
3134,15808,18,trtransfer,2018-05-04 16:41:52,,,12:00:00,15:00:00,2
3135,15809,33,trtransfer,2018-05-04 16:41:52,,,17:00:00,19:00:00,2
3136,15810,7,trtransfer,2018-05-04 16:41:52,,,08:00:00,10:00:00,2
3137,15811,6,trtransfer,2018-05-04 16:41:52,,,08:00:00,11:00:00,2
3138,15812,8,trtransfer,2018-05-04 16:41:52,,,16:00:00,18:00:00,2
3139,15813,17,trtransfer,2018-05-04 16:41:52,,,11:00:00,14:00:00,2
3140,15814,6,trtransfer,2018-05-04 16:41:52,,,19:00:00,21:00:00,2
3141,15815,6,trtransfer,2018-05-04 16:41:52,,,11:00:00,17:00:00,2
3142,15816,0,trtransfer,2018-05-04 16:41:52,,,17:00:00,20:00:00,2
3143,15817,33,trtransfer,2018-05-04 16:41:52,,,12:00:00,14:00:00,2
3144,15818,6,trtransfer,2018-05-04 16:41:52,,,17:00:00,22:00:00,2
3145,15819,0,trtransfer,2018-05-04 16:41:52,,,11:00:00,14:00:00,2
3146,15820,4,trtransfer,2018-05-04 16:41:52,,,15:00:00,17:00:00,2
3147,15821,17,trtransfer,2018-05-04 16:41:52,,,08:00:00,18:00:00,2
3148,15822,33,trtransfer,2018-05-04 16:41:52,,,08:00:00,10:00:00,2
3149,15823,33,trtransfer,2018-05-04 16:41:52,,,10:00:00,12:00:00,2
3150,15824,7,trtransfer,2018-05-04 16:41:52,,,10:00:00,12:00:00,2
3151,15825,7,trtransfer,2018-05-04 16:41:52,,,14:00:00,16:00:00,2
3152,15826,33,trtransfer,2018-05-04 16:41:52,,,14:00:00,17:00:00,1
3153,15827,10,trtransfer,2018-05-04 16:41:52,,,08:00:00,11:00:00,1
3154,15828,33,trtransfer,2018-05-04 16:41:52,,,17:00:00,20:00:00,1
3155,15829,15,trtransfer,2018-05-04 16:41:52,,,08:00:00,11:00:00,1
3156,15830,21,trtransfer,2018-05-04 16:41:52,,,17:00:00,20:00:00,1
3157,15831,33,trtransfer,2018-05-04 16:41:52,,,08:00:00,11:00:00,1
3158,15832,25,trtransfer,2018-05-04 16:41:52,,,14:00:00,17:00:00,1
3159,15833,4,trtransfer,2018-05-04 16:41:52,,,16:00:00,19:00:00,1
3160,15834,12,trtransfer,2018-05-04 16:41:52,,,12:00:00,15:00:00,1
3161,15835,60,trtransfer,2018-05-04 16:41:52,,,11:00:00,14:00:00,1
3162,15836,12,trtransfer,2018-05-04 16:41:52,,,15:00:00,18:00:00,1
3163,15837,60,trtransfer,2018-05-04 16:41:52,,,15:00:00,18:00:00,1
3164,15838,7,trtransfer,2018-05-04 16:41:52,,,17:00:00,20:00:00,1
3165,15839,19,trtransfer,2018-05-04 16:41:52,,,15:00:00,18:00:00,1
3166,15840,31,trtransfer,2018-05-04 16:41:52,,,10:00:00,13:00:00,1
3167,15841,27,trtransfer,2018-05-04 16:41:52,,,13:00:00,16:00:00,1
3168,15842,31,trtransfer,2018-05-04 16:41:52,,,14:00:00,17:00:00,1
3169,15843,6,trtransfer,2018-05-04 16:41:52,,,18:00:00,20:00:00,1
3170,15844,9,trtransfer,2018-05-04 16:41:52,,,11:00:00,14:00:00,1
3171,15845,19,trtransfer,2018-05-04 16:41:52,,,10:00:00,13:00:00,1
3172,15846,27,trtransfer,2018-05-04 16:41:52,,,10:00:00,13:00:00,1
3173,15847,36,trtransfer,2018-05-04 16:41:52,,,14:00:00,18:00:00,1
3174,15848,5,trtransfer,2018-05-04 16:41:52,,,11:00:00,14:00:00,1
3175,15849,16,trtransfer,2018-05-04 16:41:52,,,17:00:00,20:00:00,1
3176,15850,24,trtransfer,2018-05-04 16:41:52,,,12:00:00,15:00:00,1
3177,15851,16,trtransfer,2018-05-04 16:41:52,,,14:00:00,17:00:00,1
3178,15852,10,trtransfer,2018-05-04 16:41:52,,,11:00:00,14:00:00,1
3179,15853,30,trtransfer,2018-05-04 16:41:52,,,18:00:00,22:00:00,1
3180,15854,25,trtransfer,2018-05-04 16:41:52,,,08:00:00,11:00:00,1
3181,15855,22,trtransfer,2018-05-04 16:41:52,,,14:00:00,17:00:00,1
3182,15856,4,trtransfer,2018-05-04 16:41:52,,,12:00:00,15:00:00,1
3183,15857,22,trtransfer,2018-05-04 16:41:52,,,08:00:00,11:00:00,1
3184,15858,22,trtransfer,2018-05-04 16:41:52,,,11:00:00,14:00:00,1
3185,15859,5,trtransfer,2018-05-04 16:41:52,,,17:00:00,20:00:00,1
3186,15860,68,trtransfer,2018-05-04 16:41:52,,,11:00:00,14:00:00,1
3187,15861,20,trtransfer,2018-05-04 16:41:52,,,11:00:00,14:00:00,1
3188,15862,20,trtransfer,2018-05-04 16:41:52,,,17:00:00,21:00:00,1
3189,15863,7,trtransfer,2018-05-04 16:41:52,,,08:00:00,11:00:00,1
3190,15864,23,trtransfer,2018-05-04 16:41:52,,,11:00:00,14:00:00,1
3191,15865,23,trtransfer,2018-05-04 16:41:52,,,14:00:00,17:00:00,1
3192,15866,20,trtransfer,2018-05-04 16:41:52,,,14:00:00,17:00:00,1
3193,15867,18,trtransfer,2018-05-04 16:41:52,,,12:00:00,15:00:00,1
3194,15868,14,trtransfer,2018-05-04 16:41:52,,,12:00:00,15:00:00,1
3195,15869,14,trtransfer,2018-05-04 16:41:52,,,09:00:00,12:00:00,1
3196,15870,24,trtransfer,2018-05-04 16:41:52,,,09:00:00,12:00:00,1
3197,15871,18,trtransfer,2018-05-04 16:41:52,,,15:00:00,18:00:00,1
3198,15872,33,trtransfer,2018-05-04 16:41:52,,,12:00:00,14:00:00,1
3199,15873,3,trtransfer,2018-05-04 16:41:52,,,18:00:00,20:00:00,1
3200,15874,6,trtransfer,2018-05-04 16:41:52,,,11:00:00,14:00:00,1
3201,15875,11,trtransfer,2018-05-04 16:41:52,,,20:00:00,22:00:00,1
3202,15876,26,trtransfer,2018-05-04 16:41:52,,,18:00:00,21:00:00,1
3203,15877,6,trtransfer,2018-05-04 16:41:52,,,14:00:00,16:00:00,1
3204,15878,17,trtransfer,2018-05-04 16:41:52,,,12:00:00,14:00:00,1
3205,15879,17,trtransfer,2018-05-04 16:41:52,,,15:00:00,17:00:00,1
3206,15880,6,trtransfer,2018-05-04 16:41:52,,,08:00:00,11:00:00,1
3207,15881,3,trtransfer,2018-05-04 16:41:52,,,20:00:00,22:00:00,1
3208,15882,8,trtransfer,2018-05-04 16:41:52,,,16:00:00,18:00:00,1
3209,15883,3,trtransfer,2018-05-04 16:41:52,,,16:00:00,18:00:00,1
3210,15884,3,trtransfer,2018-05-04 16:41:52,,,10:00:00,13:00:00,1
3211,15885,4,trtransfer,2018-05-04 16:41:52,,,10:00:00,12:00:00,1
3212,15886,6,trtransfer,2018-05-04 16:41:52,,,16:00:00,18:00:00,1
3213,15887,3,trtransfer,2018-05-04 16:41:52,,,13:00:00,16:00:00,1
3214,15888,32,trtransfer,2018-05-04 16:41:52,,,12:00:00,14:00:00,1
3215,15889,32,trtransfer,2018-05-04 16:41:52,,,16:00:00,18:00:00,1
3216,15890,7,trtransfer,2018-05-04 16:41:52,,,14:00:00,16:00:00,1
3217,15891,7,trtransfer,2018-05-04 16:41:52,,,12:00:00,14:00:00,1
3218,15892,32,trtransfer,2018-05-04 16:41:52,,,10:00:00,12:00:00,1
3219,15893,3,trtransfer,2018-05-04 16:41:52,,,08:00:00,11:00:00,5
3220,15894,11,trtransfer,2018-05-04 16:41:52,,,11:00:00,14:00:00,5
3221,15895,3,trtransfer,2018-05-04 16:41:52,,,11:00:00,14:00:00,5
3222,15896,12,trtransfer,2018-05-04 16:41:52,,,17:00:00,20:00:00,5
3223,15897,11,trtransfer,2018-05-04 16:41:52,,,18:00:00,21:00:00,5
3224,15898,11,trtransfer,2018-05-04 16:41:52,,,15:00:00,18:00:00,5
3225,15899,5,trtransfer,2018-05-04 16:41:52,,,17:00:00,20:00:00,5
3226,15900,36,trtransfer,2018-05-04 16:41:52,,,09:00:00,12:00:00,5
3227,15901,12,trtransfer,2018-05-04 16:41:52,,,11:00:00,14:00:00,5
3228,15902,57,trtransfer,2018-05-04 16:41:52,,,10:00:00,13:00:00,5
3229,15903,27,trtransfer,2018-05-04 16:41:52,,,12:00:00,15:00:00,5
3230,15904,19,trtransfer,2018-05-04 16:41:52,,,10:00:00,13:00:00,5
3231,15905,19,trtransfer,2018-05-04 16:41:52,,,14:00:00,17:00:00,5
3232,15906,9,trtransfer,2018-05-04 16:41:52,,,08:00:00,11:00:00,5
3233,15907,9,trtransfer,2018-05-04 16:41:52,,,14:00:00,17:00:00,5
3234,15908,55,trtransfer,2018-05-04 16:41:52,,,09:00:00,15:00:00,5
3235,15909,33,trtransfer,2018-05-04 16:41:52,,,11:00:00,14:00:00,5
3236,15910,9,trtransfer,2018-05-04 16:41:52,,,11:00:00,14:00:00,5
3237,15911,33,trtransfer,2018-05-04 16:41:52,,,08:00:00,11:00:00,5
3238,15912,27,trtransfer,2018-05-04 16:41:52,,,09:00:00,12:00:00,5
3239,15913,30,trtransfer,2018-05-04 16:41:52,,,12:00:00,15:00:00,5
3240,15914,10,trtransfer,2018-05-04 16:41:52,,,14:00:00,17:00:00,5
3241,15915,16,trtransfer,2018-05-04 16:41:52,,,17:00:00,20:00:00,5
3242,15916,10,trtransfer,2018-05-04 16:41:52,,,10:00:00,13:00:00,5
3243,15917,4,trtransfer,2018-05-04 16:41:52,,,12:00:00,15:00:00,5
3244,15918,16,trtransfer,2018-05-04 16:41:52,,,14:00:00,17:00:00,5
3245,15919,22,trtransfer,2018-05-04 16:41:52,,,08:00:00,11:00:00,5
3246,15920,22,trtransfer,2018-05-04 16:41:52,,,11:00:00,14:00:00,5
3247,15921,7,trtransfer,2018-05-04 16:41:52,,,11:00:00,14:00:00,5
3248,15922,22,trtransfer,2018-05-04 16:41:52,,,14:00:00,17:00:00,5
3249,15923,68,trtransfer,2018-05-04 16:41:52,,,14:00:00,17:00:00,5
3250,15924,33,trtransfer,2018-05-04 16:41:52,,,16:00:00,19:00:00,5
3251,15925,20,trtransfer,2018-05-04 16:41:52,,,11:00:00,14:00:00,5
3252,15926,20,trtransfer,2018-05-04 16:41:52,,,08:00:00,11:00:00,5
3253,15927,20,trtransfer,2018-05-04 16:41:52,,,14:00:00,17:00:00,5
3254,15928,3,trtransfer,2018-05-04 16:41:52,,,18:00:00,21:00:00,5
3255,15929,18,trtransfer,2018-05-04 16:41:52,,,12:00:00,15:00:00,5
3256,15930,18,trtransfer,2018-05-04 16:41:52,,,18:00:00,21:00:00,5
3257,15931,14,trtransfer,2018-05-04 16:41:52,,,08:00:00,11:00:00,5
3258,15932,4,trtransfer,2018-05-04 16:41:52,,,16:00:00,18:00:00,5
3259,15933,8,trtransfer,2018-05-04 16:41:52,,,16:00:00,18:00:00,5
3260,15934,5,trtransfer,2018-05-04 16:41:52,,,10:00:00,12:00:00,5
3261,15935,17,trtransfer,2018-05-04 16:41:52,,,10:00:00,12:00:00,5
3262,15936,6,trtransfer,2018-05-04 16:41:52,,,13:00:00,15:00:00,5
3263,15937,17,trtransfer,2018-05-04 16:41:52,,,08:00:00,10:00:00,5
3264,15938,7,trtransfer,2018-05-04 16:41:52,,,15:00:00,18:00:00,5
3265,15939,33,trtransfer,2018-05-04 16:41:52,,,14:00:00,16:00:00,5
3266,15940,17,trtransfer,2018-05-04 16:41:52,,,12:00:00,14:00:00,5
3267,15941,32,trtransfer,2018-05-04 16:41:52,,,10:00:00,12:00:00,5
3268,15942,31,trtransfer,2018-05-04 16:41:52,,,10:00:00,12:00:00,5
3269,15943,31,trtransfer,2018-05-04 16:41:52,,,08:00:00,10:00:00,5
3270,15944,3,trtransfer,2018-05-04 16:41:52,,,17:00:00,18:00:00,5
3271,15945,32,trtransfer,2018-05-04 16:41:52,,,12:00:00,14:00:00,5
3272,15946,3,trtransfer,2018-05-04 16:41:52,,,08:00:00,11:00:00,4
3273,15947,19,trtransfer,2018-05-04 16:41:52,,,14:00:00,17:00:00,4
3274,15948,10,trtransfer,2018-05-04 16:41:52,,,17:00:00,20:00:00,4
3275,15949,21,trtransfer,2018-05-04 16:41:52,,,11:00:00,14:00:00,4
3276,15950,21,trtransfer,2018-05-04 16:41:52,,,14:00:00,17:00:00,4
3277,15951,15,trtransfer,2018-05-04 16:41:52,,,11:00:00,14:00:00,4
3278,15952,16,trtransfer,2018-05-04 16:41:52,,,11:00:00,14:00:00,4
3279,15953,15,trtransfer,2018-05-04 16:41:52,,,14:00:00,17:00:00,4
3280,15954,12,trtransfer,2018-05-04 16:41:52,,,11:00:00,14:00:00,4
3281,15955,33,trtransfer,2018-05-04 16:41:52,,,11:00:00,14:00:00,4
3282,15956,57,trtransfer,2018-05-04 16:41:52,,,11:00:00,14:00:00,4
3283,15957,11,trtransfer,2018-05-04 16:41:52,,,17:00:00,20:00:00,4
3284,15958,11,trtransfer,2018-05-04 16:41:52,,,14:00:00,17:00:00,4
3285,15959,31,trtransfer,2018-05-04 16:41:52,,,12:00:00,15:00:00,4
3286,15960,13,trtransfer,2018-05-04 16:41:52,,,12:00:00,15:00:00,4
3287,15961,9,trtransfer,2018-05-04 16:41:52,,,15:00:00,18:00:00,4
3288,15962,55,trtransfer,2018-05-04 16:41:52,,,11:00:00,14:00:00,4
3289,15963,26,trtransfer,2018-05-04 16:41:52,,,08:00:00,14:00:00,4
3290,15964,31,trtransfer,2018-05-04 16:41:52,,,08:00:00,10:00:00,4
3291,15965,6,trtransfer,2018-05-04 16:41:52,,,09:00:00,12:00:00,4
3292,15966,25,trtransfer,2018-05-04 16:41:52,,,17:00:00,20:00:00,4
3293,15967,19,trtransfer,2018-05-04 16:41:52,,,10:00:00,13:00:00,4
3294,15968,36,trtransfer,2018-05-04 16:41:52,,,15:00:00,18:00:00,4
3295,15969,27,trtransfer,2018-05-04 16:41:52,,,13:00:00,16:00:00,4
3296,15970,9,trtransfer,2018-05-04 16:41:52,,,12:00:00,15:00:00,4
3297,15971,24,trtransfer,2018-05-04 16:41:52,,,10:00:00,13:00:00,4
3298,15972,10,trtransfer,2018-05-04 16:41:52,,,11:00:00,14:00:00,4
3299,15973,33,trtransfer,2018-05-04 16:41:52,,,17:00:00,20:00:00,4
3300,15974,16,trtransfer,2018-05-04 16:41:52,,,14:00:00,17:00:00,4
3301,15975,30,trtransfer,2018-05-04 16:41:52,,,09:00:00,12:00:00,4
3302,15976,30,trtransfer,2018-05-04 16:41:52,,,19:00:00,22:00:00,4
3303,15977,5,trtransfer,2018-05-04 16:41:52,,,14:00:00,17:00:00,4
3304,15978,22,trtransfer,2018-05-04 16:41:52,,,11:00:00,14:00:00,4
3305,15979,22,trtransfer,2018-05-04 16:41:52,,,14:00:00,17:00:00,4
3306,15980,22,trtransfer,2018-05-04 16:41:52,,,08:00:00,11:00:00,4
3307,15981,22,trtransfer,2018-05-04 16:41:52,,,17:00:00,20:00:00,4
3308,15982,68,trtransfer,2018-05-04 16:41:52,,,17:00:00,20:00:00,4
3309,15983,4,trtransfer,2018-05-04 16:41:52,,,15:00:00,15:00:00,4
3310,15984,20,trtransfer,2018-05-04 16:41:52,,,08:00:00,11:00:00,4
3311,15985,20,trtransfer,2018-05-04 16:41:52,,,14:00:00,17:00:00,4
3312,15986,20,trtransfer,2018-05-04 16:41:52,,,11:00:00,14:00:00,4
3313,15987,23,trtransfer,2018-05-04 16:41:52,,,11:00:00,14:00:00,4
3314,15988,25,trtransfer,2018-05-04 16:41:52,,,11:00:00,14:00:00,4
3315,15989,25,trtransfer,2018-05-04 16:41:52,,,09:00:00,11:00:00,4
3316,15990,14,trtransfer,2018-05-04 16:41:52,,,12:00:00,17:00:00,4
3317,15991,18,trtransfer,2018-05-04 16:41:52,,,12:00:00,15:00:00,4
3318,15992,14,trtransfer,2018-05-04 16:41:52,,,09:00:00,12:00:00,4
3319,15993,18,trtransfer,2018-05-04 16:41:52,,,15:00:00,18:00:00,4
3320,15994,18,trtransfer,2018-05-04 16:41:52,,,18:00:00,21:00:00,4
3321,15995,14,trtransfer,2018-05-04 16:41:52,,,15:00:00,18:00:00,4
3322,15996,3,trtransfer,2018-05-04 16:41:52,,,11:00:00,14:00:00,4
3323,15997,4,trtransfer,2018-05-04 16:41:52,,,12:00:00,14:00:00,4
3324,15998,4,trtransfer,2018-05-04 16:41:52,,,10:00:00,12:00:00,4
3325,15999,4,trtransfer,2018-05-04 16:41:52,,,17:00:00,19:00:00,4
3326,16000,6,trtransfer,2018-05-04 16:41:52,,,16:00:00,18:00:00,4
3327,16001,17,trtransfer,2018-05-04 16:41:52,,,08:00:00,11:00:00,4
3328,16002,6,trtransfer,2018-05-04 16:41:52,,,14:00:00,16:00:00,4
3329,16003,8,trtransfer,2018-05-04 16:41:52,,,18:00:00,20:00:00,4
3330,16004,5,trtransfer,2018-05-04 16:41:52,,,12:00:00,14:00:00,4
3331,16005,3,trtransfer,2018-05-04 16:41:52,,,14:00:00,16:00:00,4
3332,16006,6,trtransfer,2018-05-04 16:41:52,,,12:00:00,14:00:00,4
3333,16007,9,trtransfer,2018-05-04 16:41:52,,,18:00:00,20:00:00,4
3334,16008,8,trtransfer,2018-05-04 16:41:52,,,20:00:00,22:00:00,4
3335,16009,33,trtransfer,2018-05-04 16:41:52,,,15:00:00,17:00:00,4
3336,16010,8,trtransfer,2018-05-04 16:41:52,,,16:00:00,18:00:00,4
3337,16011,4,trtransfer,2018-05-04 16:41:52,,,08:00:00,10:00:00,4
3338,16012,31,trtransfer,2018-05-04 16:41:52,,,16:00:00,18:00:00,4
3339,16013,31,trtransfer,2018-05-04 16:41:52,,,10:00:00,12:00:00,4
3340,16014,7,trtransfer,2018-05-04 16:41:52,,,16:00:00,18:00:00,4
3341,16015,7,trtransfer,2018-05-04 16:41:52,,,14:00:00,16:00:00,4
3342,16016,32,trtransfer,2018-05-04 16:41:52,,,12:00:00,14:00:00,4
3343,16017,7,trtransfer,2018-05-04 16:41:52,,,18:00:00,20:00:00,4
3344,16018,7,trtransfer,2018-05-04 16:41:52,,,12:00:00,14:00:00,4
3345,16019,32,trtransfer,2018-05-04 16:41:52,,,08:00:00,10:00:00,4
3346,16020,3,trtransfer,2018-05-04 16:41:52,,,08:00:00,11:00:00,3
3347,16021,19,trtransfer,2018-05-04 16:41:52,,,14:00:00,17:00:00,3
3348,16022,10,trtransfer,2018-05-04 16:41:52,,,17:00:00,20:00:00,3
3349,16023,21,trtransfer,2018-05-04 16:41:52,,,11:00:00,14:00:00,3
3350,16024,21,trtransfer,2018-05-04 16:41:52,,,14:00:00,17:00:00,3
3351,16025,15,trtransfer,2018-05-04 16:41:52,,,11:00:00,14:00:00,3
3352,16026,16,trtransfer,2018-05-04 16:41:52,,,11:00:00,14:00:00,3
3353,16027,15,trtransfer,2018-05-04 16:41:52,,,14:00:00,17:00:00,3
3354,16028,12,trtransfer,2018-05-04 16:41:52,,,11:00:00,14:00:00,3
3355,16029,33,trtransfer,2018-05-04 16:41:52,,,11:00:00,14:00:00,3
3356,16030,57,trtransfer,2018-05-04 16:41:52,,,11:00:00,14:00:00,3
3357,16031,11,trtransfer,2018-05-04 16:41:52,,,17:00:00,20:00:00,3
3358,16032,11,trtransfer,2018-05-04 16:41:52,,,14:00:00,17:00:00,3
3359,16033,31,trtransfer,2018-05-04 16:41:52,,,12:00:00,15:00:00,3
3360,16034,13,trtransfer,2018-05-04 16:41:52,,,12:00:00,15:00:00,3
3361,16035,9,trtransfer,2018-05-04 16:41:52,,,15:00:00,18:00:00,3
3362,16036,55,trtransfer,2018-05-04 16:41:52,,,11:00:00,14:00:00,3
3363,16037,26,trtransfer,2018-05-04 16:41:52,,,08:00:00,14:00:00,3
3364,16038,31,trtransfer,2018-05-04 16:41:52,,,08:00:00,10:00:00,3
3365,16039,6,trtransfer,2018-05-04 16:41:52,,,09:00:00,12:00:00,3
3366,16040,25,trtransfer,2018-05-04 16:41:52,,,17:00:00,20:00:00,3
3367,16041,19,trtransfer,2018-05-04 16:41:52,,,10:00:00,13:00:00,3
3368,16042,36,trtransfer,2018-05-04 16:41:52,,,15:00:00,18:00:00,3
3369,16043,27,trtransfer,2018-05-04 16:41:52,,,13:00:00,16:00:00,3
3370,16044,9,trtransfer,2018-05-04 16:41:52,,,12:00:00,15:00:00,3
3371,16045,24,trtransfer,2018-05-04 16:41:52,,,10:00:00,13:00:00,3
3372,16046,10,trtransfer,2018-05-04 16:41:52,,,11:00:00,14:00:00,3
3373,16047,33,trtransfer,2018-05-04 16:41:52,,,17:00:00,20:00:00,3
3374,16048,16,trtransfer,2018-05-04 16:41:52,,,14:00:00,17:00:00,3
3375,16049,30,trtransfer,2018-05-04 16:41:52,,,09:00:00,12:00:00,3
3376,16050,30,trtransfer,2018-05-04 16:41:52,,,19:00:00,22:00:00,3
3377,16051,5,trtransfer,2018-05-04 16:41:52,,,14:00:00,17:00:00,3
3378,16052,22,trtransfer,2018-05-04 16:41:52,,,11:00:00,14:00:00,3
3379,16053,22,trtransfer,2018-05-04 16:41:52,,,14:00:00,17:00:00,3
3380,16054,22,trtransfer,2018-05-04 16:41:52,,,08:00:00,11:00:00,3
3381,16055,22,trtransfer,2018-05-04 16:41:52,,,17:00:00,20:00:00,3
3382,16056,68,trtransfer,2018-05-04 16:41:52,,,17:00:00,20:00:00,3
3383,16057,4,trtransfer,2018-05-04 16:41:52,,,15:00:00,15:00:00,3
3384,16058,20,trtransfer,2018-05-04 16:41:52,,,08:00:00,11:00:00,3
3385,16059,20,trtransfer,2018-05-04 16:41:52,,,14:00:00,17:00:00,3
3386,16060,20,trtransfer,2018-05-04 16:41:52,,,11:00:00,14:00:00,3
3387,16061,23,trtransfer,2018-05-04 16:41:52,,,11:00:00,14:00:00,3
3388,16062,25,trtransfer,2018-05-04 16:41:52,,,11:00:00,14:00:00,3
3389,16063,25,trtransfer,2018-05-04 16:41:52,,,09:00:00,11:00:00,3
3390,16064,14,trtransfer,2018-05-04 16:41:52,,,12:00:00,17:00:00,3
3391,16065,18,trtransfer,2018-05-04 16:41:52,,,12:00:00,15:00:00,3
3392,16066,14,trtransfer,2018-05-04 16:41:52,,,09:00:00,12:00:00,3
3393,16067,18,trtransfer,2018-05-04 16:41:52,,,15:00:00,18:00:00,3
3394,16068,18,trtransfer,2018-05-04 16:41:52,,,18:00:00,21:00:00,3
3395,16069,14,trtransfer,2018-05-04 16:41:52,,,15:00:00,18:00:00,3
3396,16070,3,trtransfer,2018-05-04 16:41:52,,,11:00:00,14:00:00,3
3397,16071,4,trtransfer,2018-05-04 16:41:52,,,12:00:00,14:00:00,3
3398,16072,4,trtransfer,2018-05-04 16:41:52,,,10:00:00,12:00:00,3
3399,16073,4,trtransfer,2018-05-04 16:41:52,,,17:00:00,19:00:00,3
3400,16074,6,trtransfer,2018-05-04 16:41:52,,,16:00:00,18:00:00,3
3401,16075,17,trtransfer,2018-05-04 16:41:52,,,08:00:00,11:00:00,3
3402,16076,6,trtransfer,2018-05-04 16:41:52,,,14:00:00,16:00:00,3
3403,16077,8,trtransfer,2018-05-04 16:41:52,,,18:00:00,20:00:00,3
3404,16078,5,trtransfer,2018-05-04 16:41:52,,,12:00:00,14:00:00,3
3405,16079,3,trtransfer,2018-05-04 16:41:52,,,14:00:00,16:00:00,3
3406,16080,6,trtransfer,2018-05-04 16:41:52,,,12:00:00,14:00:00,3
3407,16081,9,trtransfer,2018-05-04 16:41:52,,,18:00:00,20:00:00,3
3408,16082,8,trtransfer,2018-05-04 16:41:52,,,20:00:00,22:00:00,3
3409,16083,33,trtransfer,2018-05-04 16:41:52,,,15:00:00,17:00:00,3
3410,16084,8,trtransfer,2018-05-04 16:41:52,,,16:00:00,18:00:00,3
3411,16085,4,trtransfer,2018-05-04 16:41:52,,,08:00:00,10:00:00,3
3412,16086,31,trtransfer,2018-05-04 16:41:52,,,16:00:00,18:00:00,3
3413,16087,31,trtransfer,2018-05-04 16:41:52,,,10:00:00,12:00:00,3
3414,16088,7,trtransfer,2018-05-04 16:41:52,,,16:00:00,18:00:00,3
3415,16089,7,trtransfer,2018-05-04 16:41:52,,,14:00:00,16:00:00,3
3416,16090,32,trtransfer,2018-05-04 16:41:52,,,12:00:00,14:00:00,3
3417,16091,7,trtransfer,2018-05-04 16:41:52,,,18:00:00,20:00:00,3
3418,16092,7,trtransfer,2018-05-04 16:41:52,,,12:00:00,14:00:00,3
3419,16093,32,trtransfer,2018-05-04 16:41:52,,,08:00:00,10:00:00,3
3420,16094,13,trtransfer,2018-05-04 16:41:52,,,14:00:00,17:00:00,2
3421,16095,4,trtransfer,2018-05-04 16:41:52,,,15:00:00,15:00:00,2
3422,16096,6,trtransfer,2018-05-04 16:41:52,,,11:00:00,14:00:00,2
3423,16097,16,trtransfer,2018-05-04 16:41:52,,,08:00:00,11:00:00,2
3424,16098,16,trtransfer,2018-05-04 16:41:52,,,17:00:00,20:00:00,2
3425,16099,11,trtransfer,2018-05-04 16:41:52,,,14:00:00,17:00:00,2
3426,16100,21,trtransfer,2018-05-04 16:41:52,,,11:00:00,14:00:00,2
3427,16101,13,trtransfer,2018-05-04 16:41:52,,,17:00:00,20:00:00,2
3428,16102,12,trtransfer,2018-05-04 16:41:52,,,11:00:00,14:00:00,2
3429,16103,3,trtransfer,2018-05-04 16:41:52,,,11:00:00,14:00:00,2
3430,16104,12,trtransfer,2018-05-04 16:41:52,,,14:00:00,17:00:00,2
3431,16105,4,trtransfer,2018-05-04 16:41:52,,,08:00:00,11:00:00,2
3432,16106,6,trtransfer,2018-05-04 16:41:52,,,18:00:00,21:00:00,2
3433,16107,4,trtransfer,2018-05-04 16:41:52,,,11:00:00,14:00:00,2
3434,16108,12,trtransfer,2018-05-04 16:41:52,,,18:00:00,21:00:00,2
3435,16109,3,trtransfer,2018-05-04 16:41:52,,,08:00:00,11:00:00,2
3436,16110,12,trtransfer,2018-05-04 16:41:52,,,08:00:00,11:00:00,2
3437,16111,27,trtransfer,2018-05-04 16:41:52,,,12:00:00,15:00:00,2
3438,16112,26,trtransfer,2018-05-04 16:41:52,,,10:00:00,13:00:00,2
3439,16113,55,trtransfer,2018-05-04 16:41:52,,,12:00:00,15:00:00,2
3440,16114,19,trtransfer,2018-05-04 16:41:52,,,11:00:00,14:00:00,2
3441,16115,19,trtransfer,2018-05-04 16:41:52,,,17:00:00,20:00:00,2
3442,16116,11,trtransfer,2018-05-04 16:41:52,,,11:00:00,14:00:00,2
3443,16117,55,trtransfer,2018-05-04 16:41:52,,,09:00:00,12:00:00,2
3444,16118,26,trtransfer,2018-05-04 16:41:52,,,13:00:00,12:00:00,2
3445,16119,9,trtransfer,2018-05-04 16:41:52,,,18:00:00,21:00:00,2
3446,16120,9,trtransfer,2018-05-04 16:41:52,,,15:00:00,18:00:00,2
3447,16121,10,trtransfer,2018-05-04 16:41:52,,,09:00:00,12:00:00,2
3448,16122,16,trtransfer,2018-05-04 16:41:52,,,11:00:00,14:00:00,2
3449,16123,36,trtransfer,2018-05-04 16:41:52,,,14:00:00,18:00:00,2
3450,16124,31,trtransfer,2018-05-04 16:41:52,,,11:00:00,14:00:00,2
3451,16125,24,trtransfer,2018-05-04 16:41:52,,,11:00:00,14:00:00,2
3452,16126,16,trtransfer,2018-05-04 16:41:52,,,14:00:00,17:00:00,2
3453,16127,30,trtransfer,2018-05-04 16:41:52,,,14:00:00,17:00:00,2
3454,16128,33,trtransfer,2018-05-04 16:41:52,,,18:00:00,21:00:00,2
3455,16129,30,trtransfer,2018-05-04 16:41:52,,,17:00:00,21:00:00,2
3456,16130,30,trtransfer,2018-05-04 16:41:52,,,10:00:00,13:00:00,2
3457,16131,10,trtransfer,2018-05-04 16:41:52,,,14:00:00,17:00:00,2
3458,16132,25,trtransfer,2018-05-04 16:41:52,,,11:00:00,14:00:00,2
3459,16133,22,trtransfer,2018-05-04 16:41:52,,,11:00:00,14:00:00,2
3460,16134,22,trtransfer,2018-05-04 16:41:52,,,08:00:00,11:00:00,2
3461,16135,25,trtransfer,2018-05-04 16:41:52,,,17:00:00,20:00:00,2
3462,16136,22,trtransfer,2018-05-04 16:41:52,,,14:00:00,17:00:00,2
3463,16137,25,trtransfer,2018-05-04 16:41:52,,,14:00:00,17:00:00,2
3464,16138,22,trtransfer,2018-05-04 16:41:52,,,17:00:00,20:00:00,2
3465,16139,68,trtransfer,2018-05-04 16:41:52,,,11:00:00,14:00:00,2
3466,16140,67,trtransfer,2018-05-04 16:41:52,,,14:00:00,17:00:00,2
3467,16141,20,trtransfer,2018-05-04 16:41:52,,,17:00:00,20:00:00,2
3468,16142,20,trtransfer,2018-05-04 16:41:52,,,08:00:00,11:00:00,2
3469,16143,20,trtransfer,2018-05-04 16:41:52,,,14:00:00,17:00:00,2
3470,16144,5,trtransfer,2018-05-04 16:41:52,,,14:00:00,17:00:00,2
3471,16145,20,trtransfer,2018-05-04 16:41:52,,,11:00:00,14:00:00,2
3472,16146,23,trtransfer,2018-05-04 16:41:52,,,14:00:00,17:00:00,2
3473,16147,23,trtransfer,2018-05-04 16:41:52,,,11:00:00,14:00:00,2
3474,16148,5,trtransfer,2018-05-04 16:41:52,,,11:00:00,14:00:00,2
3475,16149,18,trtransfer,2018-05-04 16:41:52,,,08:00:00,11:00:00,2
3476,16150,9,trtransfer,2018-05-04 16:41:52,,,09:00:00,21:00:00,2
3477,16151,33,trtransfer,2018-05-04 16:41:52,,,14:00:00,17:00:00,2
3478,16152,14,trtransfer,2018-05-04 16:41:52,,,09:00:00,12:00:00,2
3479,16153,14,trtransfer,2018-05-04 16:41:52,,,12:00:00,15:00:00,2
3480,16154,18,trtransfer,2018-05-04 16:41:52,,,11:00:00,14:00:00,2
3481,16155,14,trtransfer,2018-05-04 16:41:52,,,15:00:00,18:00:00,2
3482,16156,33,trtransfer,2018-05-04 16:41:52,,,12:00:00,14:00:00,2
3483,16157,6,trtransfer,2018-05-04 16:41:52,,,14:00:00,16:00:00,2
3484,16158,17,trtransfer,2018-05-04 16:41:52,,,08:00:00,11:00:00,2
3485,16159,17,trtransfer,2018-05-04 16:41:52,,,11:00:00,14:00:00,2
3486,16160,18,trtransfer,2018-05-04 16:41:52,,,14:00:00,17:00:00,2
3487,16161,6,trtransfer,2018-05-04 16:41:52,,,09:00:00,11:00:00,2
3488,16162,11,trtransfer,2018-05-04 16:41:52,,,20:00:00,22:00:00,2
3489,16163,8,trtransfer,2018-05-04 16:41:52,,,16:00:00,18:00:00,2
3490,16164,6,trtransfer,2018-05-04 16:41:52,,,16:00:00,18:00:00,2
3491,16165,8,trtransfer,2018-05-04 16:41:52,,,18:00:00,20:00:00,2
3492,16166,4,trtransfer,2018-05-04 16:41:52,,,18:00:00,20:00:00,2
3493,16167,7,trtransfer,2018-05-04 16:41:52,,,08:00:00,10:00:00,2
3494,16168,33,trtransfer,2018-05-04 16:41:52,,,08:00:00,10:00:00,2
3495,16169,33,trtransfer,2018-05-04 16:41:52,,,10:00:00,12:00:00,2
3496,16170,32,trtransfer,2018-05-04 16:41:52,,,12:00:00,14:00:00,2
3497,16171,7,trtransfer,2018-05-04 16:41:52,,,16:00:00,18:00:00,2
3498,16172,32,trtransfer,2018-05-04 16:41:52,,,14:00:00,16:00:00,2
3499,16173,31,trtransfer,2018-05-04 16:41:52,,,08:00:00,10:00:00,2
3500,16174,7,trtransfer,2018-05-04 16:41:52,,,12:00:00,14:00:00,2
3501,16175,7,trtransfer,2018-05-04 16:41:52,,,10:00:00,12:00:00,2
