3206,351,1,transfer,2018-05-07 11:17:48,2018-05-07 11:17:48
3207,352,1,transfer,2018-05-07 11:17:48,2018-05-07 11:17:48
3208,353,1,transfer,2018-05-07 11:17:48,2018-05-07 11:17:48
3209,354,1,transfer,2018-05-07 11:17:48,2018-05-07 11:17:48
3210,355,1,transfer,2018-05-07 11:17:48,2018-05-07 11:17:48
3211,356,1,transfer,2018-05-07 11:17:48,2018-05-07 11:17:48
3212,357,1,transfer,2018-05-07 11:17:48,2018-05-07 11:17:48
3213,353,1,transfer,2018-05-07 11:17:48,2018-05-07 11:17:48
3214,358,1,transfer,2018-05-07 11:17:48,2018-05-07 11:17:48
3215,359,1,transfer,2018-05-07 11:17:48,2018-05-07 11:17:48
3216,360,1,transfer,2018-05-07 11:17:48,2018-05-07 11:17:48
3217,361,1,transfer,2018-05-07 11:17:48,2018-05-07 11:17:48
3218,361,1,transfer,2018-05-07 11:17:48,2018-05-07 11:17:48
3219,362,1,transfer,2018-05-07 11:17:48,2018-05-07 11:17:48
3220,357,1,transfer,2018-05-07 11:17:48,2018-05-07 11:17:48
3221,363,1,transfer,2018-05-07 11:17:48,2018-05-07 11:17:48
3222,358,1,transfer,2018-05-07 11:17:48,2018-05-07 11:17:48
3223,357,1,transfer,2018-05-07 11:17:48,2018-05-07 11:17:48
3224,364,1,transfer,2018-05-07 11:17:48,2018-05-07 11:17:48
3225,365,1,transfer,2018-05-07 11:17:48,2018-05-07 11:17:48
3226,366,2,transfer,2018-05-07 11:17:48,2018-05-07 11:17:48
3227,367,2,transfer,2018-05-07 11:17:48,2018-05-07 11:17:48
3228,368,2,transfer,2018-05-07 11:17:48,2018-05-07 11:17:48
3229,369,2,transfer,2018-05-07 11:17:48,2018-05-07 11:17:48
3230,370,2,transfer,2018-05-07 11:17:48,2018-05-07 11:17:48
3231,371,2,transfer,2018-05-07 11:17:48,2018-05-07 11:17:48
3232,372,2,transfer,2018-05-07 11:17:48,2018-05-07 11:17:48
3233,373,2,transfer,2018-05-07 11:17:48,2018-05-07 11:17:48
3234,372,2,transfer,2018-05-07 11:17:48,2018-05-07 11:17:48
3235,374,2,transfer,2018-05-07 11:17:48,2018-05-07 11:17:48
3236,375,2,transfer,2018-05-07 11:17:48,2018-05-07 11:17:48
3237,369,2,transfer,2018-05-07 11:17:48,2018-05-07 11:17:48
3238,373,2,transfer,2018-05-07 11:17:48,2018-05-07 11:17:48
3239,368,2,transfer,2018-05-07 11:17:48,2018-05-07 11:17:48
3240,376,2,transfer,2018-05-07 11:17:48,2018-05-07 11:17:48
3241,377,2,transfer,2018-05-07 11:17:48,2018-05-07 11:17:48
3242,372,2,transfer,2018-05-07 11:17:48,2018-05-07 11:17:48
3243,373,2,transfer,2018-05-07 11:17:48,2018-05-07 11:17:48
3244,378,2,transfer,2018-05-07 11:17:48,2018-05-07 11:17:48
3245,379,2,transfer,2018-05-07 11:17:48,2018-05-07 11:17:48
3246,373,2,transfer,2018-05-07 11:17:48,2018-05-07 11:17:48
3247,378,2,transfer,2018-05-07 11:17:48,2018-05-07 11:17:48
3248,378,2,transfer,2018-05-07 11:17:48,2018-05-07 11:17:48
3249,369,2,transfer,2018-05-07 11:17:48,2018-05-07 11:17:48
3250,369,2,transfer,2018-05-07 11:17:48,2018-05-07 11:17:48
3251,379,2,transfer,2018-05-07 11:17:48,2018-05-07 11:17:48
3252,379,2,transfer,2018-05-07 11:17:48,2018-05-07 11:17:48
3253,378,2,transfer,2018-05-07 11:17:48,2018-05-07 11:17:48
3254,378,2,transfer,2018-05-07 11:17:48,2018-05-07 11:17:48
3255,369,2,transfer,2018-05-07 11:17:48,2018-05-07 11:17:48
3256,369,2,transfer,2018-05-07 11:17:48,2018-05-07 11:17:48
3257,379,2,transfer,2018-05-07 11:17:48,2018-05-07 11:17:48
3258,379,2,transfer,2018-05-07 11:17:48,2018-05-07 11:17:48
3259,377,2,transfer,2018-05-07 11:17:48,2018-05-07 11:17:48
3260,380,2,transfer,2018-05-07 11:17:48,2018-05-07 11:17:48
3261,377,2,transfer,2018-05-07 11:17:48,2018-05-07 11:17:48
3262,377,2,transfer,2018-05-07 11:17:48,2018-05-07 11:17:48
3263,381,2,transfer,2018-05-07 11:17:48,2018-05-07 11:17:48
3264,382,2,transfer,2018-05-07 11:17:48,2018-05-07 11:17:48
3265,383,2,transfer,2018-05-07 11:17:48,2018-05-07 11:17:48
3266,377,2,transfer,2018-05-07 11:17:48,2018-05-07 11:17:48
3267,383,2,transfer,2018-05-07 11:17:48,2018-05-07 11:17:48
3268,382,2,transfer,2018-05-07 11:17:48,2018-05-07 11:17:48
3269,384,2,transfer,2018-05-07 11:17:48,2018-05-07 11:17:48
3270,368,2,transfer,2018-05-07 11:17:48,2018-05-07 11:17:48
3271,385,2,transfer,2018-05-07 11:17:48,2018-05-07 11:17:48
3272,386,2,transfer,2018-05-07 11:17:48,2018-05-07 11:17:48
3273,387,2,transfer,2018-05-07 11:17:48,2018-05-07 11:17:48
3274,378,2,transfer,2018-05-07 11:17:48,2018-05-07 11:17:48
3275,369,2,transfer,2018-05-07 11:17:48,2018-05-07 11:17:48
3276,378,2,transfer,2018-05-07 11:17:48,2018-05-07 11:17:48
3277,371,2,transfer,2018-05-07 11:17:48,2018-05-07 11:17:48
3278,388,2,transfer,2018-05-07 11:17:48,2018-05-07 11:17:48
3279,389,2,transfer,2018-05-07 11:17:48,2018-05-07 11:17:48
3280,368,2,transfer,2018-05-07 11:17:48,2018-05-07 11:17:48
3281,370,2,transfer,2018-05-07 11:17:48,2018-05-07 11:17:48
3282,384,2,transfer,2018-05-07 11:17:48,2018-05-07 11:17:48
3283,390,2,transfer,2018-05-07 11:17:48,2018-05-07 11:17:48
3284,376,2,transfer,2018-05-07 11:17:48,2018-05-07 11:17:48
3285,391,2,transfer,2018-05-07 11:17:48,2018-05-07 11:17:48
3286,367,2,transfer,2018-05-07 11:17:48,2018-05-07 11:17:48
3287,370,2,transfer,2018-05-07 11:17:48,2018-05-07 11:17:48
3288,370,2,transfer,2018-05-07 11:17:48,2018-05-07 11:17:48
3289,367,2,transfer,2018-05-07 11:17:48,2018-05-07 11:17:48
3290,367,2,transfer,2018-05-07 11:17:48,2018-05-07 11:17:48
3291,392,2,transfer,2018-05-07 11:17:48,2018-05-07 11:17:48
3292,392,2,transfer,2018-05-07 11:17:48,2018-05-07 11:17:48
3293,370,2,transfer,2018-05-07 11:17:48,2018-05-07 11:17:48
3294,370,2,transfer,2018-05-07 11:17:48,2018-05-07 11:17:48
3295,367,2,transfer,2018-05-07 11:17:48,2018-05-07 11:17:48
3296,367,2,transfer,2018-05-07 11:17:48,2018-05-07 11:17:48
3297,392,2,transfer,2018-05-07 11:17:48,2018-05-07 11:17:48
3298,392,2,transfer,2018-05-07 11:17:48,2018-05-07 11:17:48
3299,393,2,transfer,2018-05-07 11:17:48,2018-05-07 11:17:48
3300,379,2,transfer,2018-05-07 11:17:48,2018-05-07 11:17:48
3301,370,2,transfer,2018-05-07 11:17:48,2018-05-07 11:17:48
3302,388,2,transfer,2018-05-07 11:17:48,2018-05-07 11:17:48
3303,389,2,transfer,2018-05-07 11:17:48,2018-05-07 11:17:48
3304,369,2,transfer,2018-05-07 11:17:48,2018-05-07 11:17:48
3305,373,2,transfer,2018-05-07 11:17:48,2018-05-07 11:17:48
3306,386,2,transfer,2018-05-07 11:17:48,2018-05-07 11:17:48
3307,387,2,transfer,2018-05-07 11:17:48,2018-05-07 11:17:48
3308,386,2,transfer,2018-05-07 11:17:48,2018-05-07 11:17:48
3309,367,2,transfer,2018-05-07 11:17:48,2018-05-07 11:17:48
3310,368,2,transfer,2018-05-07 11:17:48,2018-05-07 11:17:48
3311,368,2,transfer,2018-05-07 11:17:48,2018-05-07 11:17:48
3312,394,2,transfer,2018-05-07 11:17:48,2018-05-07 11:17:48
3313,377,2,transfer,2018-05-07 11:17:48,2018-05-07 11:17:48
3314,391,2,transfer,2018-05-07 11:17:48,2018-05-07 11:17:48
3315,372,2,transfer,2018-05-07 11:17:48,2018-05-07 11:17:48
3316,394,2,transfer,2018-05-07 11:17:48,2018-05-07 11:17:48
3317,395,2,transfer,2018-05-07 11:17:48,2018-05-07 11:17:48
3318,367,2,transfer,2018-05-07 11:17:48,2018-05-07 11:17:48
3319,394,2,transfer,2018-05-07 11:17:48,2018-05-07 11:17:48
3320,390,2,transfer,2018-05-07 11:17:48,2018-05-07 11:17:48
3321,368,2,transfer,2018-05-07 11:17:48,2018-05-07 11:17:48
3322,387,2,transfer,2018-05-07 11:17:48,2018-05-07 11:17:48
3323,394,2,transfer,2018-05-07 11:17:48,2018-05-07 11:17:48
3324,387,2,transfer,2018-05-07 11:17:48,2018-05-07 11:17:48
3325,369,2,transfer,2018-05-07 11:17:48,2018-05-07 11:17:48
3326,372,2,transfer,2018-05-07 11:17:48,2018-05-07 11:17:48
3327,396,3,transfer,2018-05-07 11:17:48,2018-05-07 11:17:48
3328,397,3,transfer,2018-05-07 11:17:48,2018-05-07 11:17:48
3329,398,3,transfer,2018-05-07 11:17:48,2018-05-07 11:17:48
3330,399,3,transfer,2018-05-07 11:17:48,2018-05-07 11:17:48
3331,400,3,transfer,2018-05-07 11:17:48,2018-05-07 11:17:48
3332,401,3,transfer,2018-05-07 11:17:48,2018-05-07 11:17:48
3333,402,3,transfer,2018-05-07 11:17:48,2018-05-07 11:17:48
3334,403,3,transfer,2018-05-07 11:17:48,2018-05-07 11:17:48
3335,404,3,transfer,2018-05-07 11:17:48,2018-05-07 11:17:48
3336,405,3,transfer,2018-05-07 11:17:48,2018-05-07 11:17:48
3337,406,3,transfer,2018-05-07 11:17:48,2018-05-07 11:17:48
3338,407,3,transfer,2018-05-07 11:17:48,2018-05-07 11:17:48
3339,408,3,transfer,2018-05-07 11:17:48,2018-05-07 11:17:48
3340,409,3,transfer,2018-05-07 11:17:48,2018-05-07 11:17:48
3341,410,3,transfer,2018-05-07 11:17:48,2018-05-07 11:17:48
3342,411,3,transfer,2018-05-07 11:17:48,2018-05-07 11:17:48
3343,412,3,transfer,2018-05-07 11:17:48,2018-05-07 11:17:48
3344,352,3,transfer,2018-05-07 11:17:48,2018-05-07 11:17:48
3345,413,3,transfer,2018-05-07 11:17:48,2018-05-07 11:17:48
3346,414,3,transfer,2018-05-07 11:17:48,2018-05-07 11:17:48
3347,415,3,transfer,2018-05-07 11:17:48,2018-05-07 11:17:48
3348,416,3,transfer,2018-05-07 11:17:48,2018-05-07 11:17:48
3349,399,3,transfer,2018-05-07 11:17:48,2018-05-07 11:17:48
3350,417,3,transfer,2018-05-07 11:17:48,2018-05-07 11:17:48
3351,413,3,transfer,2018-05-07 11:17:48,2018-05-07 11:17:48
3352,417,3,transfer,2018-05-07 11:17:48,2018-05-07 11:17:48
3353,406,3,transfer,2018-05-07 11:17:48,2018-05-07 11:17:48
3354,418,3,transfer,2018-05-07 11:17:48,2018-05-07 11:17:48
3355,408,3,transfer,2018-05-07 11:17:48,2018-05-07 11:17:48
3356,409,3,transfer,2018-05-07 11:17:48,2018-05-07 11:17:48
3357,410,3,transfer,2018-05-07 11:17:48,2018-05-07 11:17:48
3358,411,3,transfer,2018-05-07 11:17:48,2018-05-07 11:17:48
3359,412,3,transfer,2018-05-07 11:17:48,2018-05-07 11:17:48
3360,352,3,transfer,2018-05-07 11:17:48,2018-05-07 11:17:48
3361,419,3,transfer,2018-05-07 11:17:48,2018-05-07 11:17:48
3362,413,3,transfer,2018-05-07 11:17:48,2018-05-07 11:17:48
3363,420,3,transfer,2018-05-07 11:17:48,2018-05-07 11:17:48
3364,421,10,transfer,2018-05-07 11:17:48,2018-05-07 11:17:48
3365,422,10,transfer,2018-05-07 11:17:48,2018-05-07 11:17:48
3366,423,10,transfer,2018-05-07 11:17:48,2018-05-07 11:17:48
3367,424,10,transfer,2018-05-07 11:17:48,2018-05-07 11:17:48
3368,425,10,transfer,2018-05-07 11:17:48,2018-05-07 11:17:48
3369,426,10,transfer,2018-05-07 11:17:48,2018-05-07 11:17:48
3370,427,10,transfer,2018-05-07 11:17:48,2018-05-07 11:17:48
3371,428,10,transfer,2018-05-07 11:17:48,2018-05-07 11:17:48
3372,429,10,transfer,2018-05-07 11:17:48,2018-05-07 11:17:48
3373,430,4,transfer,2018-05-07 11:17:48,2018-05-07 11:17:48
3374,431,4,transfer,2018-05-07 11:17:48,2018-05-07 11:17:48
3375,432,4,transfer,2018-05-07 11:17:48,2018-05-07 11:17:48
3376,433,4,transfer,2018-05-07 11:17:48,2018-05-07 11:17:48
3377,434,4,transfer,2018-05-07 11:17:48,2018-05-07 11:17:48
3378,435,4,transfer,2018-05-07 11:17:48,2018-05-07 11:17:48
3379,436,4,transfer,2018-05-07 11:17:48,2018-05-07 11:17:48
3380,437,4,transfer,2018-05-07 11:17:48,2018-05-07 11:17:48
3381,438,4,transfer,2018-05-07 11:17:48,2018-05-07 11:17:48
3382,436,4,transfer,2018-05-07 11:17:48,2018-05-07 11:17:48
3383,439,4,transfer,2018-05-07 11:17:48,2018-05-07 11:17:48
3384,440,4,transfer,2018-05-07 11:17:48,2018-05-07 11:17:48
3385,441,4,transfer,2018-05-07 11:17:48,2018-05-07 11:17:48
3386,442,4,transfer,2018-05-07 11:17:48,2018-05-07 11:17:48
3387,439,4,transfer,2018-05-07 11:17:48,2018-05-07 11:17:48
3388,443,4,transfer,2018-05-07 11:17:48,2018-05-07 11:17:48
3389,444,4,transfer,2018-05-07 11:17:48,2018-05-07 11:17:48
3390,445,4,transfer,2018-05-07 11:17:48,2018-05-07 11:17:48
3391,439,4,transfer,2018-05-07 11:17:48,2018-05-07 11:17:48
3392,430,4,transfer,2018-05-07 11:17:48,2018-05-07 11:17:48
3393,446,4,transfer,2018-05-07 11:17:48,2018-05-07 11:17:48
3394,447,4,transfer,2018-05-07 11:17:48,2018-05-07 11:17:48
3395,431,4,transfer,2018-05-07 11:17:48,2018-05-07 11:17:48
3396,433,4,transfer,2018-05-07 11:17:48,2018-05-07 11:17:48
3397,438,4,transfer,2018-05-07 11:17:48,2018-05-07 11:17:48
3398,448,4,transfer,2018-05-07 11:17:48,2018-05-07 11:17:48
3399,432,4,transfer,2018-05-07 11:17:48,2018-05-07 11:17:48
3400,364,4,transfer,2018-05-07 11:17:48,2018-05-07 11:17:48
3401,441,4,transfer,2018-05-07 11:17:48,2018-05-07 11:17:48
3402,449,4,transfer,2018-05-07 11:17:48,2018-05-07 11:17:48
3403,364,4,transfer,2018-05-07 11:17:48,2018-05-07 11:17:48
3404,430,4,transfer,2018-05-07 11:17:48,2018-05-07 11:17:48
3405,450,5,transfer,2018-05-07 11:17:48,2018-05-07 11:17:48
3406,451,5,transfer,2018-05-07 11:17:48,2018-05-07 11:17:48
3407,452,5,transfer,2018-05-07 11:17:48,2018-05-07 11:17:48
3408,453,5,transfer,2018-05-07 11:17:48,2018-05-07 11:17:48
3409,454,5,transfer,2018-05-07 11:17:48,2018-05-07 11:17:48
3410,455,5,transfer,2018-05-07 11:17:48,2018-05-07 11:17:48
3411,456,5,transfer,2018-05-07 11:17:48,2018-05-07 11:17:48
3412,450,5,transfer,2018-05-07 11:17:48,2018-05-07 11:17:48
3413,451,5,transfer,2018-05-07 11:17:48,2018-05-07 11:17:48
3414,457,5,transfer,2018-05-07 11:17:48,2018-05-07 11:17:48
3415,452,5,transfer,2018-05-07 11:17:48,2018-05-07 11:17:48
3416,458,5,transfer,2018-05-07 11:17:48,2018-05-07 11:17:48
3417,454,5,transfer,2018-05-07 11:17:48,2018-05-07 11:17:48
3418,459,5,transfer,2018-05-07 11:17:48,2018-05-07 11:17:48
3419,460,5,transfer,2018-05-07 11:17:48,2018-05-07 11:17:48
3420,461,5,transfer,2018-05-07 11:17:48,2018-05-07 11:17:48
3421,462,5,transfer,2018-05-07 11:17:48,2018-05-07 11:17:48
3422,458,5,transfer,2018-05-07 11:17:48,2018-05-07 11:17:48
3423,463,5,transfer,2018-05-07 11:17:48,2018-05-07 11:17:48
3424,464,9,transfer,2018-05-07 11:17:48,2018-05-07 11:17:48
3425,465,9,transfer,2018-05-07 11:17:48,2018-05-07 11:17:48
3426,466,9,transfer,2018-05-07 11:17:48,2018-05-07 11:17:48
3427,467,9,transfer,2018-05-07 11:17:48,2018-05-07 11:17:48
3428,464,9,transfer,2018-05-07 11:17:48,2018-05-07 11:17:48
3429,468,9,transfer,2018-05-07 11:17:48,2018-05-07 11:17:48
3430,469,9,transfer,2018-05-07 11:17:48,2018-05-07 11:17:48
3431,470,9,transfer,2018-05-07 11:17:48,2018-05-07 11:17:48
3432,471,9,transfer,2018-05-07 11:17:48,2018-05-07 11:17:48
3433,472,9,transfer,2018-05-07 11:17:48,2018-05-07 11:17:48
3434,473,9,transfer,2018-05-07 11:17:48,2018-05-07 11:17:48
3435,474,9,transfer,2018-05-07 11:17:48,2018-05-07 11:17:48
3436,475,9,transfer,2018-05-07 11:17:48,2018-05-07 11:17:48
3437,476,9,transfer,2018-05-07 11:17:48,2018-05-07 11:17:48
3438,477,9,transfer,2018-05-07 11:17:48,2018-05-07 11:17:48
3439,478,9,transfer,2018-05-07 11:17:48,2018-05-07 11:17:48
3440,474,9,transfer,2018-05-07 11:17:48,2018-05-07 11:17:48
3441,479,9,transfer,2018-05-07 11:17:48,2018-05-07 11:17:48
3442,480,9,transfer,2018-05-07 11:17:48,2018-05-07 11:17:48
3443,481,9,transfer,2018-05-07 11:17:48,2018-05-07 11:17:48
3444,473,9,transfer,2018-05-07 11:17:48,2018-05-07 11:17:48
3445,482,9,transfer,2018-05-07 11:17:48,2018-05-07 11:17:48
3446,478,9,transfer,2018-05-07 11:17:48,2018-05-07 11:17:48
3447,483,9,transfer,2018-05-07 11:17:48,2018-05-07 11:17:48
3448,472,9,transfer,2018-05-07 11:17:48,2018-05-07 11:17:48
3449,475,9,transfer,2018-05-07 11:17:48,2018-05-07 11:17:48
3450,484,9,transfer,2018-05-07 11:17:48,2018-05-07 11:17:48
3451,485,9,transfer,2018-05-07 11:17:48,2018-05-07 11:17:48
3452,478,9,transfer,2018-05-07 11:17:48,2018-05-07 11:17:48
3453,486,9,transfer,2018-05-07 11:17:48,2018-05-07 11:17:48
3454,474,9,transfer,2018-05-07 11:17:48,2018-05-07 11:17:48
3455,473,9,transfer,2018-05-07 11:17:48,2018-05-07 11:17:48
3456,476,9,transfer,2018-05-07 11:17:48,2018-05-07 11:17:48
3457,480,9,transfer,2018-05-07 11:17:48,2018-05-07 11:17:48
3458,480,9,transfer,2018-05-07 11:17:48,2018-05-07 11:17:48
3459,487,9,transfer,2018-05-07 11:17:48,2018-05-07 11:17:48
3460,354,1,transfer,2018-05-07 11:17:48,2018-05-07 11:17:48
3461,488,1,transfer,2018-05-07 11:17:48,2018-05-07 11:17:48
3462,360,1,transfer,2018-05-07 11:17:48,2018-05-07 11:17:48
3463,359,1,transfer,2018-05-07 11:17:48,2018-05-07 11:17:48
3464,353,1,transfer,2018-05-07 11:17:48,2018-05-07 11:17:48
3465,357,1,transfer,2018-05-07 11:17:48,2018-05-07 11:17:48
3466,356,1,transfer,2018-05-07 11:17:48,2018-05-07 11:17:48
3467,353,1,transfer,2018-05-07 11:17:48,2018-05-07 11:17:48
3468,356,1,transfer,2018-05-07 11:17:48,2018-05-07 11:17:48
3469,357,1,transfer,2018-05-07 11:17:48,2018-05-07 11:17:48
3470,489,1,transfer,2018-05-07 11:17:48,2018-05-07 11:17:48
3471,489,1,transfer,2018-05-07 11:17:48,2018-05-07 11:17:48
3472,371,1,transfer,2018-05-07 11:17:48,2018-05-07 11:17:48
3473,355,1,transfer,2018-05-07 11:17:48,2018-05-07 11:17:48
3474,358,1,transfer,2018-05-07 11:17:48,2018-05-07 11:17:48
3475,362,1,transfer,2018-05-07 11:17:48,2018-05-07 11:17:48
3476,490,1,transfer,2018-05-07 11:17:48,2018-05-07 11:17:48
3477,355,1,transfer,2018-05-07 11:17:48,2018-05-07 11:17:48
3478,361,1,transfer,2018-05-07 11:17:48,2018-05-07 11:17:48
3479,491,1,transfer,2018-05-07 11:17:48,2018-05-07 11:17:48
3480,492,1,transfer,2018-05-07 11:17:48,2018-05-07 11:17:48
3481,493,1,transfer,2018-05-07 11:17:48,2018-05-07 11:17:48
3482,353,1,transfer,2018-05-07 11:17:48,2018-05-07 11:17:48
3483,494,1,transfer,2018-05-07 11:17:48,2018-05-07 11:17:48
3484,493,1,transfer,2018-05-07 11:17:48,2018-05-07 11:17:48
3485,494,1,transfer,2018-05-07 11:17:48,2018-05-07 11:17:48
3486,492,1,transfer,2018-05-07 11:17:48,2018-05-07 11:17:48
3487,359,1,transfer,2018-05-07 11:17:48,2018-05-07 11:17:48
3488,495,1,transfer,2018-05-07 11:17:48,2018-05-07 11:17:48
3489,495,1,transfer,2018-05-07 11:17:48,2018-05-07 11:17:48
3490,361,1,transfer,2018-05-07 11:17:48,2018-05-07 11:17:48
3491,496,1,transfer,2018-05-07 11:17:48,2018-05-07 11:17:48
3492,495,1,transfer,2018-05-07 11:17:48,2018-05-07 11:17:48
3493,497,1,transfer,2018-05-07 11:17:48,2018-05-07 11:17:48
3494,492,1,transfer,2018-05-07 11:17:48,2018-05-07 11:17:48
3495,359,1,transfer,2018-05-07 11:17:48,2018-05-07 11:17:48
3496,360,1,transfer,2018-05-07 11:17:48,2018-05-07 11:17:48
3497,498,1,transfer,2018-05-07 11:17:48,2018-05-07 11:17:48
3498,498,1,transfer,2018-05-07 11:17:48,2018-05-07 11:17:48
3499,356,1,transfer,2018-05-07 11:17:48,2018-05-07 11:17:48
3500,495,1,transfer,2018-05-07 11:17:48,2018-05-07 11:17:48
3501,360,1,transfer,2018-05-07 11:17:48,2018-05-07 11:17:48
3502,488,1,transfer,2018-05-07 11:17:48,2018-05-07 11:17:48
3503,488,1,transfer,2018-05-07 11:17:48,2018-05-07 11:17:48
3504,489,1,transfer,2018-05-07 11:17:48,2018-05-07 11:17:48
3505,489,1,transfer,2018-05-07 11:17:48,2018-05-07 11:17:48
3506,499,1,transfer,2018-05-07 11:17:48,2018-05-07 11:17:48
3507,499,1,transfer,2018-05-07 11:17:48,2018-05-07 11:17:48
3508,499,1,transfer,2018-05-07 11:17:48,2018-05-07 11:17:48
3509,493,1,transfer,2018-05-07 11:17:48,2018-05-07 11:17:48
3510,500,1,transfer,2018-05-07 11:17:48,2018-05-07 11:17:48
3511,500,1,transfer,2018-05-07 11:17:48,2018-05-07 11:17:48
3512,500,1,transfer,2018-05-07 11:17:48,2018-05-07 11:17:48
3513,493,1,transfer,2018-05-07 11:17:48,2018-05-07 11:17:48
3514,355,1,transfer,2018-05-07 11:17:48,2018-05-07 11:17:48
3515,501,1,transfer,2018-05-07 11:17:48,2018-05-07 11:17:48
3516,492,1,transfer,2018-05-07 11:17:48,2018-05-07 11:17:48
3517,363,1,transfer,2018-05-07 11:17:48,2018-05-07 11:17:48
3518,363,1,transfer,2018-05-07 11:17:48,2018-05-07 11:17:48
3519,501,1,transfer,2018-05-07 11:17:48,2018-05-07 11:17:48
3520,502,1,transfer,2018-05-07 11:17:48,2018-05-07 11:17:48
3521,501,1,transfer,2018-05-07 11:17:48,2018-05-07 11:17:48
3522,361,1,transfer,2018-05-07 11:17:48,2018-05-07 11:17:48
3523,493,1,transfer,2018-05-07 11:17:48,2018-05-07 11:17:48
3524,357,1,transfer,2018-05-07 11:17:48,2018-05-07 11:17:48
3525,500,1,transfer,2018-05-07 11:17:48,2018-05-07 11:17:48
3526,363,1,transfer,2018-05-07 11:17:48,2018-05-07 11:17:48
3527,358,1,transfer,2018-05-07 11:17:48,2018-05-07 11:17:48
3528,493,1,transfer,2018-05-07 11:17:48,2018-05-07 11:17:48
3529,498,1,transfer,2018-05-07 11:17:48,2018-05-07 11:17:48
3530,503,1,transfer,2018-05-07 11:17:48,2018-05-07 11:17:48
3531,504,1,transfer,2018-05-07 11:17:48,2018-05-07 11:17:48
3532,505,1,transfer,2018-05-07 11:17:48,2018-05-07 11:17:48
3533,498,1,transfer,2018-05-07 11:17:48,2018-05-07 11:17:48
3534,351,1,transfer,2018-05-07 11:17:48,2018-05-07 11:17:48
3535,496,1,transfer,2018-05-07 11:17:48,2018-05-07 11:17:48
3536,383,2,transfer,2018-05-07 11:17:48,2018-05-07 11:17:48
3537,377,2,transfer,2018-05-07 11:17:48,2018-05-07 11:17:48
3538,369,2,transfer,2018-05-07 11:17:48,2018-05-07 11:17:48
3539,372,2,transfer,2018-05-07 11:17:48,2018-05-07 11:17:48
3540,377,2,transfer,2018-05-07 11:17:48,2018-05-07 11:17:48
3541,393,2,transfer,2018-05-07 11:17:48,2018-05-07 11:17:48
3542,506,2,transfer,2018-05-07 11:17:48,2018-05-07 11:17:48
3543,389,2,transfer,2018-05-07 11:17:48,2018-05-07 11:17:48
3544,394,2,transfer,2018-05-07 11:17:48,2018-05-07 11:17:48
3545,506,2,transfer,2018-05-07 11:17:48,2018-05-07 11:17:48
3546,383,2,transfer,2018-05-07 11:17:48,2018-05-07 11:17:48
3547,377,2,transfer,2018-05-07 11:17:48,2018-05-07 11:17:48
3548,393,2,transfer,2018-05-07 11:17:48,2018-05-07 11:17:48
3549,372,2,transfer,2018-05-07 11:17:48,2018-05-07 11:17:48
3550,379,2,transfer,2018-05-07 11:17:48,2018-05-07 11:17:48
3551,507,2,transfer,2018-05-07 11:17:48,2018-05-07 11:17:48
3552,391,2,transfer,2018-05-07 11:17:48,2018-05-07 11:17:48
3553,388,2,transfer,2018-05-07 11:17:48,2018-05-07 11:17:48
3554,389,2,transfer,2018-05-07 11:17:48,2018-05-07 11:17:48
3555,371,2,transfer,2018-05-07 11:17:48,2018-05-07 11:17:48
3556,383,2,transfer,2018-05-07 11:17:48,2018-05-07 11:17:48
3557,378,2,transfer,2018-05-07 11:17:48,2018-05-07 11:17:48
3558,375,2,transfer,2018-05-07 11:17:48,2018-05-07 11:17:48
3559,374,2,transfer,2018-05-07 11:17:48,2018-05-07 11:17:48
3560,386,2,transfer,2018-05-07 11:17:48,2018-05-07 11:17:48
3561,385,2,transfer,2018-05-07 11:17:48,2018-05-07 11:17:48
3562,394,2,transfer,2018-05-07 11:17:48,2018-05-07 11:17:48
3563,368,2,transfer,2018-05-07 11:17:48,2018-05-07 11:17:48
3564,384,2,transfer,2018-05-07 11:17:48,2018-05-07 11:17:48
3565,375,2,transfer,2018-05-07 11:17:48,2018-05-07 11:17:48
3566,391,2,transfer,2018-05-07 11:17:48,2018-05-07 11:17:48
3567,508,2,transfer,2018-05-07 11:17:48,2018-05-07 11:17:48
3568,369,2,transfer,2018-05-07 11:17:48,2018-05-07 11:17:48
3569,372,2,transfer,2018-05-07 11:17:48,2018-05-07 11:17:48
3570,388,2,transfer,2018-05-07 11:17:48,2018-05-07 11:17:48
3571,389,2,transfer,2018-05-07 11:17:48,2018-05-07 11:17:48
3572,368,2,transfer,2018-05-07 11:17:48,2018-05-07 11:17:48
3573,376,2,transfer,2018-05-07 11:17:48,2018-05-07 11:17:48
3574,367,2,transfer,2018-05-07 11:17:48,2018-05-07 11:17:48
3575,369,2,transfer,2018-05-07 11:17:48,2018-05-07 11:17:48
3576,372,2,transfer,2018-05-07 11:17:48,2018-05-07 11:17:48
3577,367,2,transfer,2018-05-07 11:17:48,2018-05-07 11:17:48
3578,395,2,transfer,2018-05-07 11:17:48,2018-05-07 11:17:48
3579,387,2,transfer,2018-05-07 11:17:48,2018-05-07 11:17:48
3580,368,2,transfer,2018-05-07 11:17:48,2018-05-07 11:17:48
3581,372,2,transfer,2018-05-07 11:17:48,2018-05-07 11:17:48
3582,386,2,transfer,2018-05-07 11:17:48,2018-05-07 11:17:48
3583,385,2,transfer,2018-05-07 11:17:48,2018-05-07 11:17:48
3584,370,2,transfer,2018-05-07 11:17:48,2018-05-07 11:17:48
3585,374,2,transfer,2018-05-07 11:17:48,2018-05-07 11:17:48
3586,367,2,transfer,2018-05-07 11:17:48,2018-05-07 11:17:48
3587,371,2,transfer,2018-05-07 11:17:48,2018-05-07 11:17:48
3588,369,2,transfer,2018-05-07 11:17:48,2018-05-07 11:17:48
3589,367,2,transfer,2018-05-07 11:17:48,2018-05-07 11:17:48
3590,366,2,transfer,2018-05-07 11:17:48,2018-05-07 11:17:48
3591,394,2,transfer,2018-05-07 11:17:48,2018-05-07 11:17:48
3592,372,2,transfer,2018-05-07 11:17:48,2018-05-07 11:17:48
3593,509,2,transfer,2018-05-07 11:17:48,2018-05-07 11:17:48
3594,367,2,transfer,2018-05-07 11:17:48,2018-05-07 11:17:48
3595,391,2,transfer,2018-05-07 11:17:48,2018-05-07 11:17:48
3596,506,2,transfer,2018-05-07 11:17:48,2018-05-07 11:17:48
3597,383,2,transfer,2018-05-07 11:17:48,2018-05-07 11:17:48
3598,507,2,transfer,2018-05-07 11:17:48,2018-05-07 11:17:48
3599,390,2,transfer,2018-05-07 11:17:48,2018-05-07 11:17:48
3600,508,2,transfer,2018-05-07 11:17:48,2018-05-07 11:17:48
3601,366,2,transfer,2018-05-07 11:17:48,2018-05-07 11:17:48
3602,395,2,transfer,2018-05-07 11:17:48,2018-05-07 11:17:48
3603,375,2,transfer,2018-05-07 11:17:48,2018-05-07 11:17:48
3604,384,2,transfer,2018-05-07 11:17:48,2018-05-07 11:17:48
3605,390,2,transfer,2018-05-07 11:17:48,2018-05-07 11:17:48
3606,391,2,transfer,2018-05-07 11:17:48,2018-05-07 11:17:48
3607,390,2,transfer,2018-05-07 11:17:48,2018-05-07 11:17:48
3608,509,2,transfer,2018-05-07 11:17:48,2018-05-07 11:17:48
3609,375,2,transfer,2018-05-07 11:17:48,2018-05-07 11:17:48
3610,374,2,transfer,2018-05-07 11:17:48,2018-05-07 11:17:48
3611,510,2,transfer,2018-05-07 11:17:48,2018-05-07 11:17:48
3612,387,2,transfer,2018-05-07 11:17:48,2018-05-07 11:17:48
3613,393,2,transfer,2018-05-07 11:17:48,2018-05-07 11:17:48
3614,379,2,transfer,2018-05-07 11:17:48,2018-05-07 11:17:48
3615,378,2,transfer,2018-05-07 11:17:48,2018-05-07 11:17:48
3616,371,2,transfer,2018-05-07 11:17:48,2018-05-07 11:17:48
3617,383,2,transfer,2018-05-07 11:17:48,2018-05-07 11:17:48
3618,387,2,transfer,2018-05-07 11:17:48,2018-05-07 11:17:48
3619,386,2,transfer,2018-05-07 11:17:48,2018-05-07 11:17:48
3620,385,2,transfer,2018-05-07 11:17:48,2018-05-07 11:17:48
3621,368,2,transfer,2018-05-07 11:17:48,2018-05-07 11:17:48
3622,385,2,transfer,2018-05-07 11:17:48,2018-05-07 11:17:48
3623,511,2,transfer,2018-05-07 11:17:48,2018-05-07 11:17:48
3624,511,2,transfer,2018-05-07 11:17:48,2018-05-07 11:17:48
3625,394,2,transfer,2018-05-07 11:17:48,2018-05-07 11:17:48
3626,377,2,transfer,2018-05-07 11:17:48,2018-05-07 11:17:48
3627,508,2,transfer,2018-05-07 11:17:48,2018-05-07 11:17:48
3628,388,2,transfer,2018-05-07 11:17:48,2018-05-07 11:17:48
3629,389,2,transfer,2018-05-07 11:17:48,2018-05-07 11:17:48
3630,511,2,transfer,2018-05-07 11:17:48,2018-05-07 11:17:48
3631,386,2,transfer,2018-05-07 11:17:48,2018-05-07 11:17:48
3632,385,2,transfer,2018-05-07 11:17:48,2018-05-07 11:17:48
3633,369,2,transfer,2018-05-07 11:17:48,2018-05-07 11:17:48
3634,379,2,transfer,2018-05-07 11:17:48,2018-05-07 11:17:48
3635,368,2,transfer,2018-05-07 11:17:48,2018-05-07 11:17:48
3636,389,2,transfer,2018-05-07 11:17:48,2018-05-07 11:17:48
3637,369,2,transfer,2018-05-07 11:17:48,2018-05-07 11:17:48
3638,378,2,transfer,2018-05-07 11:17:48,2018-05-07 11:17:48
3639,369,2,transfer,2018-05-07 11:17:48,2018-05-07 11:17:48
3640,372,2,transfer,2018-05-07 11:17:48,2018-05-07 11:17:48
3641,372,2,transfer,2018-05-07 11:17:48,2018-05-07 11:17:48
3642,371,2,transfer,2018-05-07 11:17:48,2018-05-07 11:17:48
3643,378,2,transfer,2018-05-07 11:17:48,2018-05-07 11:17:48
3644,386,2,transfer,2018-05-07 11:17:48,2018-05-07 11:17:48
3645,384,2,transfer,2018-05-07 11:17:48,2018-05-07 11:17:48
3646,390,2,transfer,2018-05-07 11:17:48,2018-05-07 11:17:48
3647,387,2,transfer,2018-05-07 11:17:48,2018-05-07 11:17:48
3648,369,2,transfer,2018-05-07 11:17:48,2018-05-07 11:17:48
3649,512,2,transfer,2018-05-07 11:17:48,2018-05-07 11:17:48
3650,513,2,transfer,2018-05-07 11:17:48,2018-05-07 11:17:48
3651,514,2,transfer,2018-05-07 11:17:48,2018-05-07 11:17:48
3652,515,2,transfer,2018-05-07 11:17:48,2018-05-07 11:17:48
3653,516,2,transfer,2018-05-07 11:17:48,2018-05-07 11:17:48
3654,379,2,transfer,2018-05-07 11:17:48,2018-05-07 11:17:48
3655,376,2,transfer,2018-05-07 11:17:48,2018-05-07 11:17:48
3656,510,2,transfer,2018-05-07 11:17:48,2018-05-07 11:17:48
3657,508,2,transfer,2018-05-07 11:17:48,2018-05-07 11:17:48
3658,508,2,transfer,2018-05-07 11:17:48,2018-05-07 11:17:48
3659,368,2,transfer,2018-05-07 11:17:48,2018-05-07 11:17:48
3660,374,2,transfer,2018-05-07 11:17:48,2018-05-07 11:17:48
3661,376,2,transfer,2018-05-07 11:17:48,2018-05-07 11:17:48
3662,366,2,transfer,2018-05-07 11:17:48,2018-05-07 11:17:48
3663,400,3,transfer,2018-05-07 11:17:48,2018-05-07 11:17:48
3664,415,3,transfer,2018-05-07 11:17:48,2018-05-07 11:17:48
3665,406,3,transfer,2018-05-07 11:17:48,2018-05-07 11:17:48
3666,411,3,transfer,2018-05-07 11:17:48,2018-05-07 11:17:48
3667,400,3,transfer,2018-05-07 11:17:48,2018-05-07 11:17:48
3668,412,3,transfer,2018-05-07 11:17:48,2018-05-07 11:17:48
3669,427,3,transfer,2018-05-07 11:17:48,2018-05-07 11:17:48
3670,427,3,transfer,2018-05-07 11:17:48,2018-05-07 11:17:48
3671,405,3,transfer,2018-05-07 11:17:48,2018-05-07 11:17:48
3672,422,3,transfer,2018-05-07 11:17:48,2018-05-07 11:17:48
3673,406,3,transfer,2018-05-07 11:17:48,2018-05-07 11:17:48
3674,405,3,transfer,2018-05-07 11:17:48,2018-05-07 11:17:48
3675,422,3,transfer,2018-05-07 11:17:48,2018-05-07 11:17:48
3676,406,3,transfer,2018-05-07 11:17:48,2018-05-07 11:17:48
3677,517,3,transfer,2018-05-07 11:17:48,2018-05-07 11:17:48
3678,396,3,transfer,2018-05-07 11:17:48,2018-05-07 11:17:48
3679,403,3,transfer,2018-05-07 11:17:48,2018-05-07 11:17:48
3680,401,3,transfer,2018-05-07 11:17:48,2018-05-07 11:17:48
3681,412,3,transfer,2018-05-07 11:17:48,2018-05-07 11:17:48
3682,401,3,transfer,2018-05-07 11:17:48,2018-05-07 11:17:48
3683,407,3,transfer,2018-05-07 11:17:48,2018-05-07 11:17:48
3684,422,3,transfer,2018-05-07 11:17:48,2018-05-07 11:17:48
3685,425,3,transfer,2018-05-07 11:17:48,2018-05-07 11:17:48
3686,407,3,transfer,2018-05-07 11:17:48,2018-05-07 11:17:48
3687,352,3,transfer,2018-05-07 11:17:48,2018-05-07 11:17:48
3688,396,3,transfer,2018-05-07 11:17:48,2018-05-07 11:17:48
3689,401,3,transfer,2018-05-07 11:17:48,2018-05-07 11:17:48
3690,413,3,transfer,2018-05-07 11:17:48,2018-05-07 11:17:48
3691,409,3,transfer,2018-05-07 11:17:48,2018-05-07 11:17:48
3692,411,3,transfer,2018-05-07 11:17:48,2018-05-07 11:17:48
3693,413,3,transfer,2018-05-07 11:17:48,2018-05-07 11:17:48
3694,409,3,transfer,2018-05-07 11:17:48,2018-05-07 11:17:48
3695,399,3,transfer,2018-05-07 11:17:48,2018-05-07 11:17:48
3696,414,3,transfer,2018-05-07 11:17:48,2018-05-07 11:17:48
3697,399,3,transfer,2018-05-07 11:17:48,2018-05-07 11:17:48
3698,399,3,transfer,2018-05-07 11:17:48,2018-05-07 11:17:48
3699,406,3,transfer,2018-05-07 11:17:48,2018-05-07 11:17:48
3700,396,3,transfer,2018-05-07 11:17:48,2018-05-07 11:17:48
3701,426,3,transfer,2018-05-07 11:17:48,2018-05-07 11:17:48
3702,518,3,transfer,2018-05-07 11:17:48,2018-05-07 11:17:48
3703,518,3,transfer,2018-05-07 11:17:48,2018-05-07 11:17:48
3704,409,3,transfer,2018-05-07 11:17:48,2018-05-07 11:17:48
3705,352,3,transfer,2018-05-07 11:17:48,2018-05-07 11:17:48
3706,412,3,transfer,2018-05-07 11:17:48,2018-05-07 11:17:48
3707,405,3,transfer,2018-05-07 11:17:48,2018-05-07 11:17:48
3708,405,3,transfer,2018-05-07 11:17:48,2018-05-07 11:17:48
3709,405,3,transfer,2018-05-07 11:17:48,2018-05-07 11:17:48
3710,416,3,transfer,2018-05-07 11:17:48,2018-05-07 11:17:48
3711,512,3,transfer,2018-05-07 11:17:48,2018-05-07 11:17:48
3712,513,3,transfer,2018-05-07 11:17:48,2018-05-07 11:17:48
3713,514,3,transfer,2018-05-07 11:17:48,2018-05-07 11:17:48
3714,405,3,transfer,2018-05-07 11:17:48,2018-05-07 11:17:48
3715,416,3,transfer,2018-05-07 11:17:48,2018-05-07 11:17:48
3716,512,3,transfer,2018-05-07 11:17:48,2018-05-07 11:17:48
3717,513,3,transfer,2018-05-07 11:17:48,2018-05-07 11:17:48
3718,514,3,transfer,2018-05-07 11:17:48,2018-05-07 11:17:48
3719,416,3,transfer,2018-05-07 11:17:48,2018-05-07 11:17:48
3720,515,3,transfer,2018-05-07 11:17:48,2018-05-07 11:17:48
3721,516,3,transfer,2018-05-07 11:17:48,2018-05-07 11:17:48
3722,406,3,transfer,2018-05-07 11:17:48,2018-05-07 11:17:48
3723,416,3,transfer,2018-05-07 11:17:48,2018-05-07 11:17:48
3724,515,3,transfer,2018-05-07 11:17:48,2018-05-07 11:17:48
3725,516,3,transfer,2018-05-07 11:17:48,2018-05-07 11:17:48
3726,519,3,transfer,2018-05-07 11:17:48,2018-05-07 11:17:48
3727,419,3,transfer,2018-05-07 11:17:48,2018-05-07 11:17:48
3728,426,3,transfer,2018-05-07 11:17:48,2018-05-07 11:17:48
3729,406,3,transfer,2018-05-07 11:17:48,2018-05-07 11:17:48
3730,419,3,transfer,2018-05-07 11:17:48,2018-05-07 11:17:48
3731,419,3,transfer,2018-05-07 11:17:48,2018-05-07 11:17:48
3732,422,3,transfer,2018-05-07 11:17:48,2018-05-07 11:17:48
3733,403,3,transfer,2018-05-07 11:17:48,2018-05-07 11:17:48
3734,519,3,transfer,2018-05-07 11:17:48,2018-05-07 11:17:48
3735,420,3,transfer,2018-05-07 11:17:48,2018-05-07 11:17:48
3736,429,3,transfer,2018-05-07 11:17:48,2018-05-07 11:17:48
3737,420,3,transfer,2018-05-07 11:17:48,2018-05-07 11:17:48
3738,429,3,transfer,2018-05-07 11:17:48,2018-05-07 11:17:48
3739,520,3,transfer,2018-05-07 11:17:48,2018-05-07 11:17:48
3740,420,3,transfer,2018-05-07 11:17:48,2018-05-07 11:17:48
3741,415,3,transfer,2018-05-07 11:17:48,2018-05-07 11:17:48
3742,415,3,transfer,2018-05-07 11:17:48,2018-05-07 11:17:48
3743,417,3,transfer,2018-05-07 11:17:48,2018-05-07 11:17:48
3744,417,3,transfer,2018-05-07 11:17:48,2018-05-07 11:17:48
3745,406,3,transfer,2018-05-07 11:17:48,2018-05-07 11:17:48
3746,415,3,transfer,2018-05-07 11:17:48,2018-05-07 11:17:48
3747,414,3,transfer,2018-05-07 11:17:48,2018-05-07 11:17:48
3748,422,3,transfer,2018-05-07 11:17:48,2018-05-07 11:17:48
3749,417,3,transfer,2018-05-07 11:17:48,2018-05-07 11:17:48
3750,425,3,transfer,2018-05-07 11:17:48,2018-05-07 11:17:48
3751,521,3,transfer,2018-05-07 11:17:48,2018-05-07 11:17:48
3752,521,3,transfer,2018-05-07 11:17:48,2018-05-07 11:17:48
3753,521,3,transfer,2018-05-07 11:17:48,2018-05-07 11:17:48
3754,413,3,transfer,2018-05-07 11:17:48,2018-05-07 11:17:48
3755,521,3,transfer,2018-05-07 11:17:48,2018-05-07 11:17:48
3756,352,3,transfer,2018-05-07 11:17:48,2018-05-07 11:17:48
3757,522,3,transfer,2018-05-07 11:17:48,2018-05-07 11:17:48
3758,523,3,transfer,2018-05-07 11:17:48,2018-05-07 11:17:48
3759,522,3,transfer,2018-05-07 11:17:48,2018-05-07 11:17:48
3760,523,3,transfer,2018-05-07 11:17:48,2018-05-07 11:17:48
3761,522,3,transfer,2018-05-07 11:17:48,2018-05-07 11:17:48
3762,523,3,transfer,2018-05-07 11:17:48,2018-05-07 11:17:48
3763,522,3,transfer,2018-05-07 11:17:48,2018-05-07 11:17:48
3764,523,3,transfer,2018-05-07 11:17:48,2018-05-07 11:17:48
3765,517,3,transfer,2018-05-07 11:17:48,2018-05-07 11:17:48
3766,424,3,transfer,2018-05-07 11:17:48,2018-05-07 11:17:48
3767,398,3,transfer,2018-05-07 11:17:48,2018-05-07 11:17:48
3768,398,3,transfer,2018-05-07 11:17:48,2018-05-07 11:17:48
3769,518,3,transfer,2018-05-07 11:17:48,2018-05-07 11:17:48
3770,398,3,transfer,2018-05-07 11:17:48,2018-05-07 11:17:48
3771,426,3,transfer,2018-05-07 11:17:48,2018-05-07 11:17:48
3772,414,3,transfer,2018-05-07 11:17:48,2018-05-07 11:17:48
3773,396,3,transfer,2018-05-07 11:17:48,2018-05-07 11:17:48
3774,521,3,transfer,2018-05-07 11:17:48,2018-05-07 11:17:48
3775,519,3,transfer,2018-05-07 11:17:48,2018-05-07 11:17:48
3776,406,3,transfer,2018-05-07 11:17:48,2018-05-07 11:17:48
3777,411,3,transfer,2018-05-07 11:17:48,2018-05-07 11:17:48
3778,411,3,transfer,2018-05-07 11:17:48,2018-05-07 11:17:48
3779,420,3,transfer,2018-05-07 11:17:48,2018-05-07 11:17:48
3780,522,3,transfer,2018-05-07 11:17:48,2018-05-07 11:17:48
3781,523,3,transfer,2018-05-07 11:17:48,2018-05-07 11:17:48
3782,406,3,transfer,2018-05-07 11:17:48,2018-05-07 11:17:48
3783,524,3,transfer,2018-05-07 11:17:48,2018-05-07 11:17:48
3784,426,3,transfer,2018-05-07 11:17:48,2018-05-07 11:17:48
3785,525,3,transfer,2018-05-07 11:17:48,2018-05-07 11:17:48
3786,412,3,transfer,2018-05-07 11:17:48,2018-05-07 11:17:48
3787,429,3,transfer,2018-05-07 11:17:48,2018-05-07 11:17:48
3788,518,3,transfer,2018-05-07 11:17:48,2018-05-07 11:17:48
3789,419,3,transfer,2018-05-07 11:17:48,2018-05-07 11:17:48
3790,519,3,transfer,2018-05-07 11:17:48,2018-05-07 11:17:48
3791,425,3,transfer,2018-05-07 11:17:48,2018-05-07 11:17:48
3792,518,3,transfer,2018-05-07 11:17:48,2018-05-07 11:17:48
3793,519,3,transfer,2018-05-07 11:17:48,2018-05-07 11:17:48
3794,519,3,transfer,2018-05-07 11:17:48,2018-05-07 11:17:48
3795,422,3,transfer,2018-05-07 11:17:48,2018-05-07 11:17:48
3796,397,3,transfer,2018-05-07 11:17:48,2018-05-07 11:17:48
3797,526,3,transfer,2018-05-07 11:17:48,2018-05-07 11:17:48
3798,409,3,transfer,2018-05-07 11:17:48,2018-05-07 11:17:48
3799,405,3,transfer,2018-05-07 11:17:48,2018-05-07 11:17:48
3800,409,3,transfer,2018-05-07 11:17:48,2018-05-07 11:17:48
3801,411,3,transfer,2018-05-07 11:17:48,2018-05-07 11:17:48
3802,518,3,transfer,2018-05-07 11:17:48,2018-05-07 11:17:48
3803,400,3,transfer,2018-05-07 11:17:48,2018-05-07 11:17:48
3804,400,3,transfer,2018-05-07 11:17:48,2018-05-07 11:17:48
3805,407,3,transfer,2018-05-07 11:17:48,2018-05-07 11:17:48
3806,429,3,transfer,2018-05-07 11:17:48,2018-05-07 11:17:48
3807,427,3,transfer,2018-05-07 11:17:48,2018-05-07 11:17:48
3808,424,3,transfer,2018-05-07 11:17:48,2018-05-07 11:17:48
3809,427,3,transfer,2018-05-07 11:17:48,2018-05-07 11:17:48
3810,424,3,transfer,2018-05-07 11:17:48,2018-05-07 11:17:48
3811,411,3,transfer,2018-05-07 11:17:48,2018-05-07 11:17:48
3812,407,3,transfer,2018-05-07 11:17:48,2018-05-07 11:17:48
3813,352,3,transfer,2018-05-07 11:17:48,2018-05-07 11:17:48
3814,407,3,transfer,2018-05-07 11:17:48,2018-05-07 11:17:48
3815,401,3,transfer,2018-05-07 11:17:48,2018-05-07 11:17:48
3816,406,3,transfer,2018-05-07 11:17:48,2018-05-07 11:17:48
3817,417,3,transfer,2018-05-07 11:17:48,2018-05-07 11:17:48
3818,520,3,transfer,2018-05-07 11:17:48,2018-05-07 11:17:48
3819,520,3,transfer,2018-05-07 11:17:48,2018-05-07 11:17:48
3820,517,3,transfer,2018-05-07 11:17:48,2018-05-07 11:17:48
3821,517,3,transfer,2018-05-07 11:17:48,2018-05-07 11:17:48
3822,520,3,transfer,2018-05-07 11:17:48,2018-05-07 11:17:48
3823,447,4,transfer,2018-05-07 11:17:48,2018-05-07 11:17:48
3824,439,4,transfer,2018-05-07 11:17:48,2018-05-07 11:17:48
3825,441,4,transfer,2018-05-07 11:17:48,2018-05-07 11:17:48
3826,527,4,transfer,2018-05-07 11:17:48,2018-05-07 11:17:48
3827,434,4,transfer,2018-05-07 11:17:48,2018-05-07 11:17:48
3828,437,4,transfer,2018-05-07 11:17:48,2018-05-07 11:17:48
3829,528,4,transfer,2018-05-07 11:17:48,2018-05-07 11:17:48
3830,431,4,transfer,2018-05-07 11:17:48,2018-05-07 11:17:48
3831,431,4,transfer,2018-05-07 11:17:48,2018-05-07 11:17:48
3832,529,4,transfer,2018-05-07 11:17:48,2018-05-07 11:17:48
3833,530,4,transfer,2018-05-07 11:17:48,2018-05-07 11:17:48
3834,531,4,transfer,2018-05-07 11:17:48,2018-05-07 11:17:48
3835,532,4,transfer,2018-05-07 11:17:48,2018-05-07 11:17:48
3836,431,4,transfer,2018-05-07 11:17:48,2018-05-07 11:17:48
3837,530,4,transfer,2018-05-07 11:17:48,2018-05-07 11:17:48
3838,448,4,transfer,2018-05-07 11:17:48,2018-05-07 11:17:48
3839,529,4,transfer,2018-05-07 11:17:48,2018-05-07 11:17:48
3840,364,4,transfer,2018-05-07 11:17:48,2018-05-07 11:17:48
3841,440,4,transfer,2018-05-07 11:17:48,2018-05-07 11:17:48
3842,443,4,transfer,2018-05-07 11:17:48,2018-05-07 11:17:48
3843,364,4,transfer,2018-05-07 11:17:48,2018-05-07 11:17:48
3844,447,4,transfer,2018-05-07 11:17:48,2018-05-07 11:17:48
3845,436,4,transfer,2018-05-07 11:17:48,2018-05-07 11:17:48
3846,431,4,transfer,2018-05-07 11:17:48,2018-05-07 11:17:48
3847,443,4,transfer,2018-05-07 11:17:48,2018-05-07 11:17:48
3848,440,4,transfer,2018-05-07 11:17:48,2018-05-07 11:17:48
3849,447,4,transfer,2018-05-07 11:17:48,2018-05-07 11:17:48
3850,434,4,transfer,2018-05-07 11:17:48,2018-05-07 11:17:48
3851,434,4,transfer,2018-05-07 11:17:48,2018-05-07 11:17:48
3852,430,4,transfer,2018-05-07 11:17:48,2018-05-07 11:17:48
3853,438,4,transfer,2018-05-07 11:17:48,2018-05-07 11:17:48
3854,433,4,transfer,2018-05-07 11:17:48,2018-05-07 11:17:48
3855,440,4,transfer,2018-05-07 11:17:48,2018-05-07 11:17:48
3856,432,4,transfer,2018-05-07 11:17:48,2018-05-07 11:17:48
3857,529,4,transfer,2018-05-07 11:17:48,2018-05-07 11:17:48
3858,433,4,transfer,2018-05-07 11:17:48,2018-05-07 11:17:48
3859,443,4,transfer,2018-05-07 11:17:48,2018-05-07 11:17:48
3860,432,4,transfer,2018-05-07 11:17:48,2018-05-07 11:17:48
3861,441,4,transfer,2018-05-07 11:17:48,2018-05-07 11:17:48
3862,430,4,transfer,2018-05-07 11:17:48,2018-05-07 11:17:48
3863,448,4,transfer,2018-05-07 11:17:48,2018-05-07 11:17:48
3864,435,4,transfer,2018-05-07 11:17:48,2018-05-07 11:17:48
3865,435,4,transfer,2018-05-07 11:17:48,2018-05-07 11:17:48
3866,448,4,transfer,2018-05-07 11:17:48,2018-05-07 11:17:48
3867,533,4,transfer,2018-05-07 11:17:48,2018-05-07 11:17:48
3868,446,4,transfer,2018-05-07 11:17:48,2018-05-07 11:17:48
3869,437,4,transfer,2018-05-07 11:17:48,2018-05-07 11:17:48
3870,446,4,transfer,2018-05-07 11:17:48,2018-05-07 11:17:48
3871,448,4,transfer,2018-05-07 11:17:48,2018-05-07 11:17:48
3872,435,4,transfer,2018-05-07 11:17:48,2018-05-07 11:17:48
3873,531,4,transfer,2018-05-07 11:17:48,2018-05-07 11:17:48
3874,446,4,transfer,2018-05-07 11:17:48,2018-05-07 11:17:48
3875,448,4,transfer,2018-05-07 11:17:48,2018-05-07 11:17:48
3876,434,4,transfer,2018-05-07 11:17:48,2018-05-07 11:17:48
3877,435,4,transfer,2018-05-07 11:17:48,2018-05-07 11:17:48
3878,448,4,transfer,2018-05-07 11:17:48,2018-05-07 11:17:48
3879,448,4,transfer,2018-05-07 11:17:48,2018-05-07 11:17:48
3880,438,4,transfer,2018-05-07 11:17:48,2018-05-07 11:17:48
3881,433,4,transfer,2018-05-07 11:17:48,2018-05-07 11:17:48
3882,534,4,transfer,2018-05-07 11:17:48,2018-05-07 11:17:48
3883,436,4,transfer,2018-05-07 11:17:48,2018-05-07 11:17:48
3884,435,4,transfer,2018-05-07 11:17:48,2018-05-07 11:17:48
3885,435,4,transfer,2018-05-07 11:17:48,2018-05-07 11:17:48
3886,438,4,transfer,2018-05-07 11:17:48,2018-05-07 11:17:48
3887,446,4,transfer,2018-05-07 11:17:48,2018-05-07 11:17:48
3888,433,4,transfer,2018-05-07 11:17:48,2018-05-07 11:17:48
3889,438,4,transfer,2018-05-07 11:17:48,2018-05-07 11:17:48
3890,438,4,transfer,2018-05-07 11:17:48,2018-05-07 11:17:48
3891,438,4,transfer,2018-05-07 11:17:48,2018-05-07 11:17:48
3892,433,4,transfer,2018-05-07 11:17:48,2018-05-07 11:17:48
3893,438,4,transfer,2018-05-07 11:17:48,2018-05-07 11:17:48
3894,436,4,transfer,2018-05-07 11:17:48,2018-05-07 11:17:48
3895,436,4,transfer,2018-05-07 11:17:48,2018-05-07 11:17:48
3896,430,4,transfer,2018-05-07 11:17:48,2018-05-07 11:17:48
3897,430,4,transfer,2018-05-07 11:17:48,2018-05-07 11:17:48
3898,437,4,transfer,2018-05-07 11:17:48,2018-05-07 11:17:48
3899,371,4,transfer,2018-05-07 11:17:48,2018-05-07 11:17:48
3900,369,4,transfer,2018-05-07 11:17:48,2018-05-07 11:17:48
3901,367,4,transfer,2018-05-07 11:17:48,2018-05-07 11:17:48
3902,369,4,transfer,2018-05-07 11:17:48,2018-05-07 11:17:48
3903,439,4,transfer,2018-05-07 11:17:48,2018-05-07 11:17:48
3904,529,4,transfer,2018-05-07 11:17:48,2018-05-07 11:17:48
3905,436,4,transfer,2018-05-07 11:17:48,2018-05-07 11:17:48
3906,441,4,transfer,2018-05-07 11:17:48,2018-05-07 11:17:48
3907,535,4,transfer,2018-05-07 11:17:48,2018-05-07 11:17:48
3908,536,4,transfer,2018-05-07 11:17:48,2018-05-07 11:17:48
3909,364,4,transfer,2018-05-07 11:17:48,2018-05-07 11:17:48
3910,531,4,transfer,2018-05-07 11:17:48,2018-05-07 11:17:48
3911,531,4,transfer,2018-05-07 11:17:48,2018-05-07 11:17:48
3912,514,4,transfer,2018-05-07 11:17:48,2018-05-07 11:17:48
3913,515,4,transfer,2018-05-07 11:17:48,2018-05-07 11:17:48
3914,516,4,transfer,2018-05-07 11:17:48,2018-05-07 11:17:48
3915,537,5,transfer,2018-05-07 11:17:48,2018-05-07 11:17:48
3916,535,5,transfer,2018-05-07 11:17:48,2018-05-07 11:17:48
3917,537,5,transfer,2018-05-07 11:17:48,2018-05-07 11:17:48
3918,450,5,transfer,2018-05-07 11:17:48,2018-05-07 11:17:48
3919,450,5,transfer,2018-05-07 11:17:48,2018-05-07 11:17:48
3920,455,5,transfer,2018-05-07 11:17:48,2018-05-07 11:17:48
3921,454,5,transfer,2018-05-07 11:17:48,2018-05-07 11:17:48
3922,451,5,transfer,2018-05-07 11:17:48,2018-05-07 11:17:48
3923,453,5,transfer,2018-05-07 11:17:48,2018-05-07 11:17:48
3924,461,5,transfer,2018-05-07 11:17:48,2018-05-07 11:17:48
3925,452,5,transfer,2018-05-07 11:17:48,2018-05-07 11:17:48
3926,538,5,transfer,2018-05-07 11:17:48,2018-05-07 11:17:48
3927,538,5,transfer,2018-05-07 11:17:48,2018-05-07 11:17:48
3928,453,5,transfer,2018-05-07 11:17:48,2018-05-07 11:17:48
3929,458,5,transfer,2018-05-07 11:17:48,2018-05-07 11:17:48
3930,453,5,transfer,2018-05-07 11:17:48,2018-05-07 11:17:48
3931,461,5,transfer,2018-05-07 11:17:48,2018-05-07 11:17:48
3932,453,5,transfer,2018-05-07 11:17:48,2018-05-07 11:17:48
3933,370,5,transfer,2018-05-07 11:17:48,2018-05-07 11:17:48
3934,463,5,transfer,2018-05-07 11:17:48,2018-05-07 11:17:48
3935,455,5,transfer,2018-05-07 11:17:48,2018-05-07 11:17:48
3936,456,5,transfer,2018-05-07 11:17:48,2018-05-07 11:17:48
3937,458,5,transfer,2018-05-07 11:17:48,2018-05-07 11:17:48
3938,458,5,transfer,2018-05-07 11:17:48,2018-05-07 11:17:48
3939,458,5,transfer,2018-05-07 11:17:48,2018-05-07 11:17:48
3940,460,5,transfer,2018-05-07 11:17:48,2018-05-07 11:17:48
3941,460,5,transfer,2018-05-07 11:17:48,2018-05-07 11:17:48
3942,539,5,transfer,2018-05-07 11:17:48,2018-05-07 11:17:48
3943,540,5,transfer,2018-05-07 11:17:48,2018-05-07 11:17:48
3944,456,5,transfer,2018-05-07 11:17:48,2018-05-07 11:17:48
3945,460,5,transfer,2018-05-07 11:17:48,2018-05-07 11:17:48
3946,539,5,transfer,2018-05-07 11:17:48,2018-05-07 11:17:48
3947,457,5,transfer,2018-05-07 11:17:48,2018-05-07 11:17:48
3948,463,5,transfer,2018-05-07 11:17:48,2018-05-07 11:17:48
3949,463,5,transfer,2018-05-07 11:17:48,2018-05-07 11:17:48
3950,451,5,transfer,2018-05-07 11:17:48,2018-05-07 11:17:48
3951,450,5,transfer,2018-05-07 11:17:48,2018-05-07 11:17:48
3952,535,5,transfer,2018-05-07 11:17:48,2018-05-07 11:17:48
3953,535,5,transfer,2018-05-07 11:17:48,2018-05-07 11:17:48
3954,458,5,transfer,2018-05-07 11:17:48,2018-05-07 11:17:48
3955,454,5,transfer,2018-05-07 11:17:48,2018-05-07 11:17:48
3956,463,5,transfer,2018-05-07 11:17:48,2018-05-07 11:17:48
3957,491,5,transfer,2018-05-07 11:17:48,2018-05-07 11:17:48
3958,540,5,transfer,2018-05-07 11:17:48,2018-05-07 11:17:48
3959,535,5,transfer,2018-05-07 11:17:48,2018-05-07 11:17:48
3960,457,5,transfer,2018-05-07 11:17:48,2018-05-07 11:17:48
3961,535,5,transfer,2018-05-07 11:17:48,2018-05-07 11:17:48
3962,537,5,transfer,2018-05-07 11:17:48,2018-05-07 11:17:48
3963,452,5,transfer,2018-05-07 11:17:48,2018-05-07 11:17:48
3964,453,5,transfer,2018-05-07 11:17:48,2018-05-07 11:17:48
3965,460,5,transfer,2018-05-07 11:17:48,2018-05-07 11:17:48
3966,454,5,transfer,2018-05-07 11:17:48,2018-05-07 11:17:48
3967,535,5,transfer,2018-05-07 11:17:48,2018-05-07 11:17:48
3968,455,5,transfer,2018-05-07 11:17:48,2018-05-07 11:17:48
3969,456,5,transfer,2018-05-07 11:17:48,2018-05-07 11:17:48
3970,458,5,transfer,2018-05-07 11:17:48,2018-05-07 11:17:48
3971,463,5,transfer,2018-05-07 11:17:48,2018-05-07 11:17:48
3972,539,5,transfer,2018-05-07 11:17:48,2018-05-07 11:17:48
3973,459,5,transfer,2018-05-07 11:17:48,2018-05-07 11:17:48
3974,457,5,transfer,2018-05-07 11:17:48,2018-05-07 11:17:48
3975,491,5,transfer,2018-05-07 11:17:48,2018-05-07 11:17:48
3976,491,5,transfer,2018-05-07 11:17:48,2018-05-07 11:17:48
3977,455,5,transfer,2018-05-07 11:17:48,2018-05-07 11:17:48
3978,539,5,transfer,2018-05-07 11:17:48,2018-05-07 11:17:48
3979,459,5,transfer,2018-05-07 11:17:48,2018-05-07 11:17:48
3980,460,5,transfer,2018-05-07 11:17:48,2018-05-07 11:17:48
3981,451,5,transfer,2018-05-07 11:17:48,2018-05-07 11:17:48
3982,450,5,transfer,2018-05-07 11:17:48,2018-05-07 11:17:48
3983,461,5,transfer,2018-05-07 11:17:48,2018-05-07 11:17:48
3984,456,5,transfer,2018-05-07 11:17:48,2018-05-07 11:17:48
3985,453,5,transfer,2018-05-07 11:17:48,2018-05-07 11:17:48
3986,491,5,transfer,2018-05-07 11:17:48,2018-05-07 11:17:48
3987,541,5,transfer,2018-05-07 11:17:48,2018-05-07 11:17:48
3988,541,5,transfer,2018-05-07 11:17:48,2018-05-07 11:17:48
3989,541,5,transfer,2018-05-07 11:17:48,2018-05-07 11:17:48
3990,538,5,transfer,2018-05-07 11:17:48,2018-05-07 11:17:48
3991,451,5,transfer,2018-05-07 11:17:48,2018-05-07 11:17:48
3992,541,5,transfer,2018-05-07 11:17:48,2018-05-07 11:17:48
3993,457,5,transfer,2018-05-07 11:17:48,2018-05-07 11:17:48
3994,457,5,transfer,2018-05-07 11:17:48,2018-05-07 11:17:48
3995,454,5,transfer,2018-05-07 11:17:48,2018-05-07 11:17:48
3996,459,5,transfer,2018-05-07 11:17:48,2018-05-07 11:17:48
3997,538,5,transfer,2018-05-07 11:17:48,2018-05-07 11:17:48
3998,455,5,transfer,2018-05-07 11:17:48,2018-05-07 11:17:48
3999,537,5,transfer,2018-05-07 11:17:48,2018-05-07 11:17:48
4000,537,5,transfer,2018-05-07 11:17:48,2018-05-07 11:17:48
4001,452,5,transfer,2018-05-07 11:17:48,2018-05-07 11:17:48
4002,535,5,transfer,2018-05-07 11:17:48,2018-05-07 11:17:48
4003,454,5,transfer,2018-05-07 11:17:48,2018-05-07 11:17:48
4004,452,5,transfer,2018-05-07 11:17:48,2018-05-07 11:17:48
4005,452,5,transfer,2018-05-07 11:17:48,2018-05-07 11:17:48
4006,542,6,transfer,2018-05-07 11:17:48,2018-05-07 11:17:48
4007,543,6,transfer,2018-05-07 11:17:48,2018-05-07 11:17:48
4008,544,6,transfer,2018-05-07 11:17:48,2018-05-07 11:17:48
4009,545,6,transfer,2018-05-07 11:17:48,2018-05-07 11:17:48
4010,546,6,transfer,2018-05-07 11:17:48,2018-05-07 11:17:48
4011,545,6,transfer,2018-05-07 11:17:48,2018-05-07 11:17:48
4012,547,6,transfer,2018-05-07 11:17:48,2018-05-07 11:17:48
4013,548,6,transfer,2018-05-07 11:17:48,2018-05-07 11:17:48
4014,549,6,transfer,2018-05-07 11:17:48,2018-05-07 11:17:48
4015,544,6,transfer,2018-05-07 11:17:48,2018-05-07 11:17:48
4016,550,6,transfer,2018-05-07 11:17:48,2018-05-07 11:17:48
4017,547,6,transfer,2018-05-07 11:17:48,2018-05-07 11:17:48
4018,545,6,transfer,2018-05-07 11:17:48,2018-05-07 11:17:48
4019,545,6,transfer,2018-05-07 11:17:48,2018-05-07 11:17:48
4020,550,6,transfer,2018-05-07 11:17:48,2018-05-07 11:17:48
4021,543,6,transfer,2018-05-07 11:17:48,2018-05-07 11:17:48
4022,549,6,transfer,2018-05-07 11:17:48,2018-05-07 11:17:48
4023,550,6,transfer,2018-05-07 11:17:48,2018-05-07 11:17:48
4024,544,6,transfer,2018-05-07 11:17:48,2018-05-07 11:17:48
4025,551,6,transfer,2018-05-07 11:17:48,2018-05-07 11:17:48
4026,546,6,transfer,2018-05-07 11:17:48,2018-05-07 11:17:48
4027,549,6,transfer,2018-05-07 11:17:48,2018-05-07 11:17:48
4028,552,6,transfer,2018-05-07 11:17:48,2018-05-07 11:17:48
4029,547,6,transfer,2018-05-07 11:17:48,2018-05-07 11:17:48
4030,549,6,transfer,2018-05-07 11:17:48,2018-05-07 11:17:48
4031,552,6,transfer,2018-05-07 11:17:48,2018-05-07 11:17:48
4032,553,6,transfer,2018-05-07 11:17:48,2018-05-07 11:17:48
4033,547,6,transfer,2018-05-07 11:17:48,2018-05-07 11:17:48
4034,544,6,transfer,2018-05-07 11:17:48,2018-05-07 11:17:48
4035,550,6,transfer,2018-05-07 11:17:48,2018-05-07 11:17:48
4036,553,6,transfer,2018-05-07 11:17:48,2018-05-07 11:17:48
4037,551,6,transfer,2018-05-07 11:17:48,2018-05-07 11:17:48
4038,553,6,transfer,2018-05-07 11:17:48,2018-05-07 11:17:48
4039,552,6,transfer,2018-05-07 11:17:48,2018-05-07 11:17:48
4040,554,6,transfer,2018-05-07 11:17:48,2018-05-07 11:17:48
4041,546,6,transfer,2018-05-07 11:17:48,2018-05-07 11:17:48
4042,543,6,transfer,2018-05-07 11:17:48,2018-05-07 11:17:48
4043,553,6,transfer,2018-05-07 11:17:48,2018-05-07 11:17:48
4044,543,6,transfer,2018-05-07 11:17:48,2018-05-07 11:17:48
4045,551,6,transfer,2018-05-07 11:17:48,2018-05-07 11:17:48
4046,554,6,transfer,2018-05-07 11:17:48,2018-05-07 11:17:48
4047,551,6,transfer,2018-05-07 11:17:48,2018-05-07 11:17:48
4048,552,6,transfer,2018-05-07 11:17:48,2018-05-07 11:17:48
4049,555,6,transfer,2018-05-07 11:17:48,2018-05-07 11:17:48
4050,555,6,transfer,2018-05-07 11:17:48,2018-05-07 11:17:48
4051,555,6,transfer,2018-05-07 11:17:48,2018-05-07 11:17:48
4052,555,6,transfer,2018-05-07 11:17:48,2018-05-07 11:17:48
4053,542,6,transfer,2018-05-07 11:17:48,2018-05-07 11:17:48
4054,449,6,transfer,2018-05-07 11:17:48,2018-05-07 11:17:48
4055,544,6,transfer,2018-05-07 11:17:48,2018-05-07 11:17:48
4056,542,6,transfer,2018-05-07 11:17:48,2018-05-07 11:17:48
4057,550,6,transfer,2018-05-07 11:17:48,2018-05-07 11:17:48
4058,545,6,transfer,2018-05-07 11:17:48,2018-05-07 11:17:48
4059,549,6,transfer,2018-05-07 11:17:48,2018-05-07 11:17:48
4060,554,6,transfer,2018-05-07 11:17:48,2018-05-07 11:17:48
4061,553,6,transfer,2018-05-07 11:17:48,2018-05-07 11:17:48
4062,551,6,transfer,2018-05-07 11:17:48,2018-05-07 11:17:48
4063,556,7,transfer,2018-05-07 11:17:48,2018-05-07 11:17:48
4064,398,7,transfer,2018-05-07 11:17:48,2018-05-07 11:17:48
4065,557,7,transfer,2018-05-07 11:17:48,2018-05-07 11:17:48
4066,556,7,transfer,2018-05-07 11:17:48,2018-05-07 11:17:48
4067,558,7,transfer,2018-05-07 11:17:48,2018-05-07 11:17:48
4068,559,7,transfer,2018-05-07 11:17:48,2018-05-07 11:17:48
4069,560,7,transfer,2018-05-07 11:17:48,2018-05-07 11:17:48
4070,561,7,transfer,2018-05-07 11:17:48,2018-05-07 11:17:48
4071,562,7,transfer,2018-05-07 11:17:48,2018-05-07 11:17:48
4072,563,7,transfer,2018-05-07 11:17:48,2018-05-07 11:17:48
4073,564,7,transfer,2018-05-07 11:17:48,2018-05-07 11:17:48
4074,558,7,transfer,2018-05-07 11:17:48,2018-05-07 11:17:48
4075,565,7,transfer,2018-05-07 11:17:48,2018-05-07 11:17:48
4076,566,7,transfer,2018-05-07 11:17:48,2018-05-07 11:17:48
4077,567,7,transfer,2018-05-07 11:17:48,2018-05-07 11:17:48
4078,568,7,transfer,2018-05-07 11:17:48,2018-05-07 11:17:48
4079,561,7,transfer,2018-05-07 11:17:48,2018-05-07 11:17:48
4080,561,7,transfer,2018-05-07 11:17:48,2018-05-07 11:17:48
4081,566,7,transfer,2018-05-07 11:17:48,2018-05-07 11:17:48
4082,563,7,transfer,2018-05-07 11:17:48,2018-05-07 11:17:48
4083,556,7,transfer,2018-05-07 11:17:48,2018-05-07 11:17:48
4084,567,7,transfer,2018-05-07 11:17:48,2018-05-07 11:17:48
4085,569,7,transfer,2018-05-07 11:17:48,2018-05-07 11:17:48
4086,568,7,transfer,2018-05-07 11:17:48,2018-05-07 11:17:48
4087,570,7,transfer,2018-05-07 11:17:48,2018-05-07 11:17:48
4088,570,7,transfer,2018-05-07 11:17:48,2018-05-07 11:17:48
4089,556,7,transfer,2018-05-07 11:17:48,2018-05-07 11:17:48
4090,569,7,transfer,2018-05-07 11:17:48,2018-05-07 11:17:48
4091,558,7,transfer,2018-05-07 11:17:48,2018-05-07 11:17:48
4092,566,7,transfer,2018-05-07 11:17:48,2018-05-07 11:17:48
4093,566,7,transfer,2018-05-07 11:17:48,2018-05-07 11:17:48
4094,566,7,transfer,2018-05-07 11:17:48,2018-05-07 11:17:48
4095,570,7,transfer,2018-05-07 11:17:48,2018-05-07 11:17:48
4096,571,7,transfer,2018-05-07 11:17:48,2018-05-07 11:17:48
4097,556,7,transfer,2018-05-07 11:17:48,2018-05-07 11:17:48
4098,568,7,transfer,2018-05-07 11:17:48,2018-05-07 11:17:48
4099,571,7,transfer,2018-05-07 11:17:48,2018-05-07 11:17:48
4100,571,7,transfer,2018-05-07 11:17:48,2018-05-07 11:17:48
4101,565,7,transfer,2018-05-07 11:17:48,2018-05-07 11:17:48
4102,563,7,transfer,2018-05-07 11:17:48,2018-05-07 11:17:48
4103,556,7,transfer,2018-05-07 11:17:48,2018-05-07 11:17:48
4104,563,7,transfer,2018-05-07 11:17:48,2018-05-07 11:17:48
4105,556,7,transfer,2018-05-07 11:17:48,2018-05-07 11:17:48
4106,568,7,transfer,2018-05-07 11:17:48,2018-05-07 11:17:48
4107,556,7,transfer,2018-05-07 11:17:48,2018-05-07 11:17:48
4108,565,7,transfer,2018-05-07 11:17:48,2018-05-07 11:17:48
4109,567,7,transfer,2018-05-07 11:17:48,2018-05-07 11:17:48
4110,566,7,transfer,2018-05-07 11:17:48,2018-05-07 11:17:48
4111,565,7,transfer,2018-05-07 11:17:48,2018-05-07 11:17:48
4112,557,7,transfer,2018-05-07 11:17:48,2018-05-07 11:17:48
4113,569,7,transfer,2018-05-07 11:17:48,2018-05-07 11:17:48
4114,572,7,transfer,2018-05-07 11:17:48,2018-05-07 11:17:48
4115,572,7,transfer,2018-05-07 11:17:48,2018-05-07 11:17:48
4116,561,7,transfer,2018-05-07 11:17:48,2018-05-07 11:17:48
4117,566,7,transfer,2018-05-07 11:17:48,2018-05-07 11:17:48
4118,572,7,transfer,2018-05-07 11:17:48,2018-05-07 11:17:48
4119,572,7,transfer,2018-05-07 11:17:48,2018-05-07 11:17:48
4120,573,7,transfer,2018-05-07 11:17:48,2018-05-07 11:17:48
4121,574,7,transfer,2018-05-07 11:17:48,2018-05-07 11:17:48
4122,562,7,transfer,2018-05-07 11:17:48,2018-05-07 11:17:48
4123,566,7,transfer,2018-05-07 11:17:48,2018-05-07 11:17:48
4124,562,7,transfer,2018-05-07 11:17:48,2018-05-07 11:17:48
4125,558,7,transfer,2018-05-07 11:17:48,2018-05-07 11:17:48
4126,562,7,transfer,2018-05-07 11:17:48,2018-05-07 11:17:48
4127,566,7,transfer,2018-05-07 11:17:48,2018-05-07 11:17:48
4128,562,7,transfer,2018-05-07 11:17:48,2018-05-07 11:17:48
4129,570,7,transfer,2018-05-07 11:17:48,2018-05-07 11:17:48
4130,567,7,transfer,2018-05-07 11:17:48,2018-05-07 11:17:48
4131,575,7,transfer,2018-05-07 11:17:48,2018-05-07 11:17:48
4132,558,7,transfer,2018-05-07 11:17:48,2018-05-07 11:17:48
4133,564,7,transfer,2018-05-07 11:17:48,2018-05-07 11:17:48
4134,565,7,transfer,2018-05-07 11:17:48,2018-05-07 11:17:48
4135,574,7,transfer,2018-05-07 11:17:48,2018-05-07 11:17:48
4136,565,7,transfer,2018-05-07 11:17:48,2018-05-07 11:17:48
4137,573,7,transfer,2018-05-07 11:17:48,2018-05-07 11:17:48
4138,556,7,transfer,2018-05-07 11:17:48,2018-05-07 11:17:48
4139,576,7,transfer,2018-05-07 11:17:48,2018-05-07 11:17:48
4140,567,7,transfer,2018-05-07 11:17:48,2018-05-07 11:17:48
4141,566,7,transfer,2018-05-07 11:17:48,2018-05-07 11:17:48
4142,558,7,transfer,2018-05-07 11:17:48,2018-05-07 11:17:48
4143,562,7,transfer,2018-05-07 11:17:48,2018-05-07 11:17:48
4144,567,7,transfer,2018-05-07 11:17:48,2018-05-07 11:17:48
4145,557,7,transfer,2018-05-07 11:17:48,2018-05-07 11:17:48
4146,449,7,transfer,2018-05-07 11:17:48,2018-05-07 11:17:48
4147,577,7,transfer,2018-05-07 11:17:48,2018-05-07 11:17:48
4148,449,7,transfer,2018-05-07 11:17:48,2018-05-07 11:17:48
4149,577,7,transfer,2018-05-07 11:17:48,2018-05-07 11:17:48
4150,557,7,transfer,2018-05-07 11:17:48,2018-05-07 11:17:48
4151,578,7,transfer,2018-05-07 11:17:48,2018-05-07 11:17:48
4152,563,7,transfer,2018-05-07 11:17:48,2018-05-07 11:17:48
4153,562,7,transfer,2018-05-07 11:17:48,2018-05-07 11:17:48
4154,575,7,transfer,2018-05-07 11:17:48,2018-05-07 11:17:48
4155,558,7,transfer,2018-05-07 11:17:48,2018-05-07 11:17:48
4156,573,7,transfer,2018-05-07 11:17:48,2018-05-07 11:17:48
4157,574,7,transfer,2018-05-07 11:17:48,2018-05-07 11:17:48
4158,579,8,transfer,2018-05-07 11:17:48,2018-05-07 11:17:48
4159,580,8,transfer,2018-05-07 11:17:48,2018-05-07 11:17:48
4160,581,8,transfer,2018-05-07 11:17:48,2018-05-07 11:17:48
4161,582,8,transfer,2018-05-07 11:17:48,2018-05-07 11:17:48
4162,583,8,transfer,2018-05-07 11:17:48,2018-05-07 11:17:48
4163,584,8,transfer,2018-05-07 11:17:48,2018-05-07 11:17:48
4164,585,8,transfer,2018-05-07 11:17:48,2018-05-07 11:17:48
4165,583,8,transfer,2018-05-07 11:17:48,2018-05-07 11:17:48
4166,586,8,transfer,2018-05-07 11:17:48,2018-05-07 11:17:48
4167,582,8,transfer,2018-05-07 11:17:48,2018-05-07 11:17:48
4168,587,8,transfer,2018-05-07 11:17:48,2018-05-07 11:17:48
4169,584,8,transfer,2018-05-07 11:17:48,2018-05-07 11:17:48
4170,585,8,transfer,2018-05-07 11:17:48,2018-05-07 11:17:48
4171,588,8,transfer,2018-05-07 11:17:48,2018-05-07 11:17:48
4172,587,8,transfer,2018-05-07 11:17:48,2018-05-07 11:17:48
4173,588,8,transfer,2018-05-07 11:17:48,2018-05-07 11:17:48
4174,587,8,transfer,2018-05-07 11:17:48,2018-05-07 11:17:48
4175,587,8,transfer,2018-05-07 11:17:48,2018-05-07 11:17:48
4176,587,8,transfer,2018-05-07 11:17:48,2018-05-07 11:17:48
4177,588,8,transfer,2018-05-07 11:17:48,2018-05-07 11:17:48
4178,589,8,transfer,2018-05-07 11:17:48,2018-05-07 11:17:48
4179,582,8,transfer,2018-05-07 11:17:48,2018-05-07 11:17:48
4180,590,8,transfer,2018-05-07 11:17:48,2018-05-07 11:17:48
4181,591,8,transfer,2018-05-07 11:17:48,2018-05-07 11:17:48
4182,580,8,transfer,2018-05-07 11:17:48,2018-05-07 11:17:48
4183,581,8,transfer,2018-05-07 11:17:48,2018-05-07 11:17:48
4184,582,8,transfer,2018-05-07 11:17:48,2018-05-07 11:17:48
4185,592,8,transfer,2018-05-07 11:17:48,2018-05-07 11:17:48
4186,593,8,transfer,2018-05-07 11:17:48,2018-05-07 11:17:48
4187,594,8,transfer,2018-05-07 11:17:48,2018-05-07 11:17:48
4188,583,8,transfer,2018-05-07 11:17:48,2018-05-07 11:17:48
4189,586,8,transfer,2018-05-07 11:17:48,2018-05-07 11:17:48
4190,586,8,transfer,2018-05-07 11:17:48,2018-05-07 11:17:48
4191,595,8,transfer,2018-05-07 11:17:48,2018-05-07 11:17:48
4192,594,8,transfer,2018-05-07 11:17:48,2018-05-07 11:17:48
4193,596,8,transfer,2018-05-07 11:17:48,2018-05-07 11:17:48
4194,583,8,transfer,2018-05-07 11:17:48,2018-05-07 11:17:48
4195,581,8,transfer,2018-05-07 11:17:48,2018-05-07 11:17:48
4196,595,8,transfer,2018-05-07 11:17:48,2018-05-07 11:17:48
4197,534,8,transfer,2018-05-07 11:17:48,2018-05-07 11:17:48
4198,584,8,transfer,2018-05-07 11:17:48,2018-05-07 11:17:48
4199,597,8,transfer,2018-05-07 11:17:48,2018-05-07 11:17:48
4200,597,8,transfer,2018-05-07 11:17:48,2018-05-07 11:17:48
4201,590,8,transfer,2018-05-07 11:17:48,2018-05-07 11:17:48
4202,585,8,transfer,2018-05-07 11:17:48,2018-05-07 11:17:48
4203,579,8,transfer,2018-05-07 11:17:48,2018-05-07 11:17:48
4204,598,8,transfer,2018-05-07 11:17:48,2018-05-07 11:17:48
4205,586,8,transfer,2018-05-07 11:17:48,2018-05-07 11:17:48
4206,592,8,transfer,2018-05-07 11:17:48,2018-05-07 11:17:48
4207,593,8,transfer,2018-05-07 11:17:48,2018-05-07 11:17:48
4208,599,8,transfer,2018-05-07 11:17:48,2018-05-07 11:17:48
4209,600,8,transfer,2018-05-07 11:17:48,2018-05-07 11:17:48
4210,534,8,transfer,2018-05-07 11:17:48,2018-05-07 11:17:48
4211,591,8,transfer,2018-05-07 11:17:48,2018-05-07 11:17:48
4212,598,8,transfer,2018-05-07 11:17:48,2018-05-07 11:17:48
4213,592,8,transfer,2018-05-07 11:17:48,2018-05-07 11:17:48
4214,593,8,transfer,2018-05-07 11:17:48,2018-05-07 11:17:48
4215,598,8,transfer,2018-05-07 11:17:48,2018-05-07 11:17:48
4216,598,8,transfer,2018-05-07 11:17:48,2018-05-07 11:17:48
4217,598,8,transfer,2018-05-07 11:17:48,2018-05-07 11:17:48
4218,580,8,transfer,2018-05-07 11:17:48,2018-05-07 11:17:48
4219,581,8,transfer,2018-05-07 11:17:48,2018-05-07 11:17:48
4220,591,8,transfer,2018-05-07 11:17:48,2018-05-07 11:17:48
4221,585,8,transfer,2018-05-07 11:17:48,2018-05-07 11:17:48
4222,593,8,transfer,2018-05-07 11:17:48,2018-05-07 11:17:48
4223,581,8,transfer,2018-05-07 11:17:48,2018-05-07 11:17:48
4224,595,8,transfer,2018-05-07 11:17:48,2018-05-07 11:17:48
4225,534,8,transfer,2018-05-07 11:17:48,2018-05-07 11:17:48
4226,601,8,transfer,2018-05-07 11:17:48,2018-05-07 11:17:48
4227,602,8,transfer,2018-05-07 11:17:48,2018-05-07 11:17:48
4228,590,8,transfer,2018-05-07 11:17:48,2018-05-07 11:17:48
4229,603,8,transfer,2018-05-07 11:17:48,2018-05-07 11:17:48
4230,602,8,transfer,2018-05-07 11:17:48,2018-05-07 11:17:48
4231,576,8,transfer,2018-05-07 11:17:48,2018-05-07 11:17:48
4232,602,8,transfer,2018-05-07 11:17:48,2018-05-07 11:17:48
4233,603,8,transfer,2018-05-07 11:17:48,2018-05-07 11:17:48
4234,581,8,transfer,2018-05-07 11:17:48,2018-05-07 11:17:48
4235,595,8,transfer,2018-05-07 11:17:48,2018-05-07 11:17:48
4236,599,8,transfer,2018-05-07 11:17:48,2018-05-07 11:17:48
4237,599,8,transfer,2018-05-07 11:17:48,2018-05-07 11:17:48
4238,599,8,transfer,2018-05-07 11:17:48,2018-05-07 11:17:48
4239,601,8,transfer,2018-05-07 11:17:48,2018-05-07 11:17:48
4240,601,8,transfer,2018-05-07 11:17:48,2018-05-07 11:17:48
4241,602,8,transfer,2018-05-07 11:17:48,2018-05-07 11:17:48
4242,534,8,transfer,2018-05-07 11:17:48,2018-05-07 11:17:48
4243,599,8,transfer,2018-05-07 11:17:48,2018-05-07 11:17:48
4244,600,8,transfer,2018-05-07 11:17:48,2018-05-07 11:17:48
4245,585,8,transfer,2018-05-07 11:17:48,2018-05-07 11:17:48
4246,580,8,transfer,2018-05-07 11:17:48,2018-05-07 11:17:48
4247,587,8,transfer,2018-05-07 11:17:48,2018-05-07 11:17:48
4248,597,8,transfer,2018-05-07 11:17:48,2018-05-07 11:17:48
4249,587,8,transfer,2018-05-07 11:17:48,2018-05-07 11:17:48
4250,497,8,transfer,2018-05-07 11:17:48,2018-05-07 11:17:48
4251,579,8,transfer,2018-05-07 11:17:48,2018-05-07 11:17:48
4252,588,8,transfer,2018-05-07 11:17:48,2018-05-07 11:17:48
4253,576,8,transfer,2018-05-07 11:17:48,2018-05-07 11:17:48
4254,595,8,transfer,2018-05-07 11:17:48,2018-05-07 11:17:48
4255,579,8,transfer,2018-05-07 11:17:48,2018-05-07 11:17:48
4256,591,8,transfer,2018-05-07 11:17:48,2018-05-07 11:17:48
4257,593,8,transfer,2018-05-07 11:17:48,2018-05-07 11:17:48
4258,601,8,transfer,2018-05-07 11:17:48,2018-05-07 11:17:48
4259,594,8,transfer,2018-05-07 11:17:48,2018-05-07 11:17:48
4260,601,8,transfer,2018-05-07 11:17:48,2018-05-07 11:17:48
4261,599,8,transfer,2018-05-07 11:17:48,2018-05-07 11:17:48
4262,596,8,transfer,2018-05-07 11:17:48,2018-05-07 11:17:48
4263,581,8,transfer,2018-05-07 11:17:48,2018-05-07 11:17:48
4264,600,8,transfer,2018-05-07 11:17:48,2018-05-07 11:17:48
4265,591,8,transfer,2018-05-07 11:17:48,2018-05-07 11:17:48
4266,595,8,transfer,2018-05-07 11:17:48,2018-05-07 11:17:48
4267,603,8,transfer,2018-05-07 11:17:48,2018-05-07 11:17:48
4268,591,8,transfer,2018-05-07 11:17:48,2018-05-07 11:17:48
4269,597,8,transfer,2018-05-07 11:17:48,2018-05-07 11:17:48
4270,598,8,transfer,2018-05-07 11:17:48,2018-05-07 11:17:48
4271,595,8,transfer,2018-05-07 11:17:48,2018-05-07 11:17:48
4272,497,8,transfer,2018-05-07 11:17:48,2018-05-07 11:17:48
4273,586,8,transfer,2018-05-07 11:17:48,2018-05-07 11:17:48
4274,478,9,transfer,2018-05-07 11:17:48,2018-05-07 11:17:48
4275,474,9,transfer,2018-05-07 11:17:48,2018-05-07 11:17:48
4276,471,9,transfer,2018-05-07 11:17:48,2018-05-07 11:17:48
4277,468,9,transfer,2018-05-07 11:17:48,2018-05-07 11:17:48
4278,472,9,transfer,2018-05-07 11:17:48,2018-05-07 11:17:48
4279,482,9,transfer,2018-05-07 11:17:48,2018-05-07 11:17:48
4280,482,9,transfer,2018-05-07 11:17:48,2018-05-07 11:17:48
4281,484,9,transfer,2018-05-07 11:17:48,2018-05-07 11:17:48
4282,485,9,transfer,2018-05-07 11:17:48,2018-05-07 11:17:48
4283,467,9,transfer,2018-05-07 11:17:48,2018-05-07 11:17:48
4284,465,9,transfer,2018-05-07 11:17:48,2018-05-07 11:17:48
4285,469,9,transfer,2018-05-07 11:17:48,2018-05-07 11:17:48
4286,466,9,transfer,2018-05-07 11:17:48,2018-05-07 11:17:48
4287,480,9,transfer,2018-05-07 11:17:48,2018-05-07 11:17:48
4288,468,9,transfer,2018-05-07 11:17:48,2018-05-07 11:17:48
4289,478,9,transfer,2018-05-07 11:17:48,2018-05-07 11:17:48
4290,604,9,transfer,2018-05-07 11:17:48,2018-05-07 11:17:48
4291,474,9,transfer,2018-05-07 11:17:48,2018-05-07 11:17:48
4292,481,9,transfer,2018-05-07 11:17:48,2018-05-07 11:17:48
4293,465,9,transfer,2018-05-07 11:17:48,2018-05-07 11:17:48
4294,605,9,transfer,2018-05-07 11:17:48,2018-05-07 11:17:48
4295,473,9,transfer,2018-05-07 11:17:48,2018-05-07 11:17:48
4296,483,9,transfer,2018-05-07 11:17:48,2018-05-07 11:17:48
4297,475,9,transfer,2018-05-07 11:17:48,2018-05-07 11:17:48
4298,476,9,transfer,2018-05-07 11:17:48,2018-05-07 11:17:48
4299,471,9,transfer,2018-05-07 11:17:48,2018-05-07 11:17:48
4300,606,9,transfer,2018-05-07 11:17:48,2018-05-07 11:17:48
4301,607,9,transfer,2018-05-07 11:17:48,2018-05-07 11:17:48
4302,468,9,transfer,2018-05-07 11:17:48,2018-05-07 11:17:48
4303,474,9,transfer,2018-05-07 11:17:48,2018-05-07 11:17:48
4304,479,9,transfer,2018-05-07 11:17:48,2018-05-07 11:17:48
4305,476,9,transfer,2018-05-07 11:17:48,2018-05-07 11:17:48
4306,467,9,transfer,2018-05-07 11:17:48,2018-05-07 11:17:48
4307,465,9,transfer,2018-05-07 11:17:48,2018-05-07 11:17:48
4308,469,9,transfer,2018-05-07 11:17:48,2018-05-07 11:17:48
4309,467,9,transfer,2018-05-07 11:17:48,2018-05-07 11:17:48
4310,465,9,transfer,2018-05-07 11:17:48,2018-05-07 11:17:48
4311,470,9,transfer,2018-05-07 11:17:48,2018-05-07 11:17:48
4312,487,9,transfer,2018-05-07 11:17:48,2018-05-07 11:17:48
